,ID,Pred
0,2022_1103_1104,0.14372674965590349
1,2022_1103_1112,0.08045103022684529
2,2022_1103_1116,0.12378917798583357
3,2022_1103_1120,0.07792759796258014
4,2022_1103_1124,0.1451451567399122
5,2022_1103_1129,0.19596168592384822
6,2022_1103_1136,0.564572602340485
7,2022_1103_1151,0.26818624292606924
8,2022_1103_1159,0.41328797759567515
9,2022_1103_1161,0.251910317545299
10,2022_1103_1163,0.1445053080846764
11,2022_1103_1166,0.21368717528819192
12,2022_1103_1168,0.5934813344641502
13,2022_1103_1172,0.1799195682722706
14,2022_1103_1174,0.4916051597883549
15,2022_1103_1181,0.09669872873998851
16,2022_1103_1209,0.4954640365643412
17,2022_1103_1211,0.030136968131290354
18,2022_1103_1222,0.09450377073269785
19,2022_1103_1228,0.12963761477337965
20,2022_1103_1231,0.13619084582905688
21,2022_1103_1234,0.08493665353014605
22,2022_1103_1235,0.23526592110697458
23,2022_1103_1240,0.5184476752764937
24,2022_1103_1242,0.06134670481811554
25,2022_1103_1246,0.06934303612070859
26,2022_1103_1255,0.5388207807598242
27,2022_1103_1260,0.14530049134630396
28,2022_1103_1261,0.14915916198858525
29,2022_1103_1266,0.2012185047634855
30,2022_1103_1272,0.13217286572176906
31,2022_1103_1274,0.20470831652421742
32,2022_1103_1276,0.11380021375628548
33,2022_1103_1277,0.1723363373116343
34,2022_1103_1286,0.47352615387118707
35,2022_1103_1293,0.27212669660830735
36,2022_1103_1308,0.30429742313180486
37,2022_1103_1313,0.5887597834926817
38,2022_1103_1314,0.1470255920154745
39,2022_1103_1323,0.16335210569816122
40,2022_1103_1326,0.1580740770237371
41,2022_1103_1344,0.2074761564724538
42,2022_1103_1345,0.09093315897510403
43,2022_1103_1350,0.23464939717312466
44,2022_1103_1353,0.21118761594049926
45,2022_1103_1355,0.23069316708287035
46,2022_1103_1361,0.17198587790690426
47,2022_1103_1362,0.20000688198685548
48,2022_1103_1371,0.20758639815201888
49,2022_1103_1388,0.17604915488917128
50,2022_1103_1389,0.47417404827863063
51,2022_1103_1394,0.786506925872362
52,2022_1103_1395,0.19685875483716328
53,2022_1103_1397,0.09514591241661724
54,2022_1103_1400,0.130001005768929
55,2022_1103_1403,0.10170521081284031
56,2022_1103_1411,0.63635789526572
57,2022_1103_1412,0.22390197935666104
58,2022_1103_1417,0.06830361473354803
59,2022_1103_1425,0.19227414657986364
60,2022_1103_1436,0.21447793280787597
61,2022_1103_1437,0.07640647909062301
62,2022_1103_1439,0.12944289662897987
63,2022_1103_1458,0.16109964976632196
64,2022_1103_1460,0.4524416905494204
65,2022_1103_1461,0.2856701237437885
66,2022_1103_1463,0.4530288814780861
67,2022_1104_1112,0.22633200702527112
68,2022_1104_1116,0.32083611397535194
69,2022_1104_1120,0.22032922952993472
70,2022_1104_1124,0.362136617233357
71,2022_1104_1129,0.44901952643740956
72,2022_1104_1136,0.8125759491010373
73,2022_1104_1151,0.5506383920691602
74,2022_1104_1159,0.7019718361968178
75,2022_1104_1161,0.5296265150785731
76,2022_1104_1163,0.36094408894366375
77,2022_1104_1166,0.476081571331672
78,2022_1104_1168,0.8299779056563583
79,2022_1104_1172,0.42316410719503517
80,2022_1104_1174,0.7637792846977427
81,2022_1104_1181,0.2635960281474964
82,2022_1104_1209,0.7665532943930538
83,2022_1104_1211,0.09412245457691801
84,2022_1104_1222,0.2586976416528533
85,2022_1104_1228,0.3324617418134813
86,2022_1104_1231,0.3452013507704533
87,2022_1104_1234,0.2368562856143392
88,2022_1104_1235,0.507070292910364
89,2022_1104_1240,0.782606166346655
90,2022_1104_1242,0.17934228002766447
91,2022_1104_1246,0.19945082329992714
92,2022_1104_1255,0.7961967158318769
93,2022_1104_1260,0.36242572212930035
94,2022_1104_1261,0.36955732120305246
95,2022_1104_1266,0.4572046491498219
96,2022_1104_1272,0.3374257549633575
97,2022_1104_1274,0.462563179545473
98,2022_1104_1276,0.3003980188559236
99,2022_1104_1277,0.4104600016233444
100,2022_1104_1286,0.7504662040976703
101,2022_1104_1293,0.5555782643383936
102,2022_1104_1308,0.5939160623937157
103,2022_1104_1313,0.8272034120206422
104,2022_1104_1314,0.36562591245104586
105,2022_1104_1323,0.39498618328872837
106,2022_1104_1326,0.3856739474973493
107,2022_1104_1344,0.4667711996599078
108,2022_1104_1345,0.25064051191670067
109,2022_1104_1350,0.5062129820510541
110,2022_1104_1353,0.4723565117137834
111,2022_1104_1355,0.5006733549759841
112,2022_1104_1361,0.4098650998572196
113,2022_1104_1362,0.4553302713264564
114,2022_1104_1371,0.46693804245122805
115,2022_1104_1388,0.41671998797136395
116,2022_1104_1389,0.7509525346000596
117,2022_1104_1394,0.9249157546850831
118,2022_1104_1395,0.45042607282148944
119,2022_1104_1397,0.26013494407730825
120,2022_1104_1400,0.33317603622786496
121,2022_1104_1403,0.2746164841361838
122,2022_1104_1411,0.8540450268113621
123,2022_1104_1412,0.4910070458722441
124,2022_1104_1417,0.19687370673260204
125,2022_1104_1425,0.44319487470164703
126,2022_1104_1436,0.4772539788343168
127,2022_1104_1437,0.21668167840700278
128,2022_1104_1439,0.3320786127015942
129,2022_1104_1458,0.3910325427677617
130,2022_1104_1460,0.7342482733998891
131,2022_1104_1461,0.5721399888443608
132,2022_1104_1463,0.734710457914224
133,2022_1112_1116,0.4754265599366994
134,2022_1112_1120,0.35155983388612827
135,2022_1112_1124,0.5213511110307899
136,2022_1112_1129,0.6099081166758087
137,2022_1112_1136,0.8926782313157334
138,2022_1112_1151,0.7015750484657631
139,2022_1112_1159,0.8188038329920022
140,2022_1112_1161,0.68356503096327
141,2022_1112_1163,0.5200617544042647
142,2022_1112_1166,0.6354830135939472
143,2022_1112_1168,0.9035258556002148
144,2022_1112_1172,0.5846182893353871
145,2022_1112_1174,0.8611735252734627
146,2022_1112_1181,0.40713977581773225
147,2022_1112_1209,0.8630089443122447
148,2022_1112_1211,0.16620737121596277
149,2022_1112_1222,0.40102655750661304
150,2022_1112_1228,0.4886237360877165
151,2022_1112_1231,0.5028397425141156
152,2022_1112_1234,0.3732185369851547
153,2022_1112_1235,0.6637034458025896
154,2022_1112_1240,0.8735234413477683
155,2022_1112_1242,0.2954101866280243
156,2022_1112_1246,0.3234041694786708
157,2022_1112_1255,0.8822851421578879
158,2022_1112_1260,0.5216633708905716
159,2022_1112_1261,0.5293269557605227
160,2022_1112_1266,0.6177378957343791
161,2022_1112_1272,0.4941932320472506
162,2022_1112_1274,0.6228190414273146
163,2022_1112_1276,0.45169011617839555
164,2022_1112_1277,0.5718724763742254
165,2022_1112_1286,0.8522878986646586
166,2022_1112_1293,0.7057423586220727
167,2022_1112_1308,0.7372525344935938
168,2022_1112_1313,0.9018095610426261
169,2022_1112_1314,0.5251115775386274
170,2022_1112_1323,0.5560530160595903
171,2022_1112_1326,0.5463727233844483
172,2022_1112_1344,0.6267846923205791
173,2022_1112_1345,0.3908739408033041
174,2022_1112_1350,0.6629374700219945
175,2022_1112_1353,0.6320152857986948
176,2022_1112_1355,0.6579680959029283
177,2022_1112_1361,0.5712703247580384
178,2022_1112_1362,0.6159522193113008
179,2022_1112_1371,0.6269414832902626
180,2022_1112_1388,0.5781798987705976
181,2022_1112_1389,0.852614756251257
182,2022_1112_1394,0.9594043188736152
183,2022_1112_1395,0.6112595259135032
184,2022_1112_1397,0.40282492308346807
185,2022_1112_1400,0.4894275514743797
186,2022_1112_1403,0.42073278171226897
187,2022_1112_1411,0.9182080182587417
188,2022_1112_1412,0.6492133753161335
189,2022_1112_1417,0.319865378736514
190,2022_1112_1425,0.6042853763818937
191,2022_1112_1436,0.6365710163321775
192,2022_1112_1437,0.3467058423802495
193,2022_1112_1439,0.48819225721170917
194,2022_1112_1458,0.5519579951585449
195,2022_1112_1460,0.8412881195163917
196,2022_1112_1461,0.7195330635612355
197,2022_1112_1463,0.8416043039310036
198,2022_1116_1120,0.25135518345666874
199,2022_1116_1124,0.40281454909672354
200,2022_1116_1129,0.4919302439414128
201,2022_1116_1136,0.837424261811276
202,2022_1116_1151,0.592811815937857
203,2022_1116_1159,0.7367329300035191
204,2022_1116_1161,0.5722400039086923
205,2022_1116_1163,0.4015723987694221
206,2022_1116_1166,0.5191417336405916
207,2022_1116_1168,0.8529366527252558
208,2022_1116_1172,0.46569234843146673
209,2022_1116_1174,0.7934525248362994
210,2022_1116_1181,0.2983829652821859
211,2022_1116_1209,0.7959711576756787
212,2022_1116_1211,0.1098810853343791
213,2022_1116_1222,0.2930954258072863
214,2022_1116_1228,0.3717490297104179
215,2022_1116_1231,0.3851255435162732
216,2022_1116_1234,0.2694053570392934
217,2022_1116_1235,0.5499909733696812
218,2022_1116_1240,0.8105012025441016
219,2022_1116_1242,0.20612245500278922
220,2022_1116_1246,0.2283980110078868
221,2022_1116_1255,0.8227428534342692
222,2022_1116_1260,0.40311560530752116
223,2022_1116_1261,0.4105323256892321
224,2022_1116_1266,0.5001874763020108
225,2022_1116_1272,0.37696838219568535
226,2022_1116_1274,0.5055805456904238
227,2022_1116_1276,0.3378137656556731
228,2022_1116_1277,0.4527135100541431
229,2022_1116_1286,0.7813330025674173
230,2022_1116_1293,0.5976268546080945
231,2022_1116_1308,0.6347222055018614
232,2022_1116_1313,0.8504693118805833
233,2022_1116_1314,0.40644604194713824
234,2022_1116_1323,0.4368270701224244
235,2022_1116_1326,0.4272249583781757
236,2022_1116_1344,0.5098086833390929
237,2022_1116_1345,0.2843779564985267
238,2022_1116_1350,0.5491419377881978
239,2022_1116_1353,0.5154112032107476
240,2022_1116_1355,0.5436497495435805
241,2022_1116_1361,0.4521043317347964
242,2022_1116_1362,0.498298652959952
243,2022_1116_1371,0.5099761969538885
244,2022_1116_1388,0.45911606023167
245,2022_1116_1389,0.7817766680023036
246,2022_1116_1394,0.9360425592452217
247,2022_1116_1395,0.49335084964125386
248,2022_1116_1397,0.29464787784100555
249,2022_1116_1400,0.3725006309998848
250,2022_1116_1403,0.31024507283403735
251,2022_1116_1411,0.8742463001514077
252,2022_1116_1412,0.5340411253345131
253,2022_1116_1417,0.22555224736515478
254,2022_1116_1425,0.4860399852547654
255,2022_1116_1436,0.5203148705012227
256,2022_1116_1437,0.24735695241120395
257,2022_1116_1439,0.37134581182864773
258,2022_1116_1458,0.43275418619487444
259,2022_1116_1460,0.7664970021991218
260,2022_1116_1461,0.6137111090410956
261,2022_1116_1463,0.7669209048283435
262,2022_1120_1124,0.5299803367664428
263,2022_1120_1129,0.618110270157653
264,2022_1120_1136,0.8959491231920601
265,2022_1120_1151,0.7087701272716805
266,2022_1120_1159,0.8238820242309374
267,2022_1120_1161,0.6910030875334154
268,2022_1120_1163,0.5286932114110245
269,2022_1120_1166,0.643461776182689
270,2022_1120_1168,0.9065007676440109
271,2022_1120_1172,0.5929973462127295
272,2022_1120_1174,0.8652596702882189
273,2022_1120_1181,0.4155196775771539
274,2022_1120_1209,0.8670494067712332
275,2022_1120_1211,0.17105913146644522
276,2022_1120_1222,0.40936751605161303
277,2022_1120_1228,0.49727404011696075
278,2022_1120_1231,0.5114899905732515
279,2022_1120_1234,0.3813493538005852
280,2022_1120_1235,0.6713839260192576
281,2022_1120_1240,0.8772978779679603
282,2022_1120_1242,0.3026644409691232
283,2022_1120_1246,0.3310228957211593
284,2022_1120_1255,0.8858322778440737
285,2022_1120_1260,0.5302920389869462
286,2022_1120_1261,0.5379398287951506
287,2022_1120_1266,0.6258764046452447
288,2022_1120_1272,0.5028451809643857
289,2022_1120_1274,0.6309140058905852
290,2022_1120_1276,0.46027508172139137
291,2022_1120_1277,0.5803240728456664
292,2022_1120_1286,0.8565920261046007
293,2022_1120_1293,0.7128780823968356
294,2022_1120_1308,0.7439014213404757
295,2022_1120_1313,0.9048318228704663
296,2022_1120_1314,0.5337336402307697
297,2022_1120_1323,0.5645791263313772
298,2022_1120_1326,0.5549359420278542
299,2022_1120_1344,0.6348444464076198
300,2022_1120_1345,0.39914445084856437
301,2022_1120_1350,0.6706267624020665
302,2022_1120_1353,0.6400269559824155
303,2022_1120_1355,0.6657135887677743
304,2022_1120_1361,0.5797250723458698
305,2022_1120_1362,0.6241056121155634
306,2022_1120_1371,0.634999823183395
307,2022_1120_1388,0.5865969916805733
308,2022_1120_1389,0.85691095850782
309,2022_1120_1394,0.9607310309090769
310,2022_1120_1395,0.6194509937822926
311,2022_1120_1397,0.4111776089597966
312,2022_1120_1400,0.49807822555339687
313,2022_1120_1403,0.4291899210186524
314,2022_1120_1411,0.9207698868928673
315,2022_1120_1412,0.6570537888126533
316,2022_1120_1417,0.32744108400193495
317,2022_1120_1425,0.6125306475117479
318,2022_1120_1436,0.6445392850327968
319,2022_1120_1437,0.3545858231993743
320,2022_1120_1439,0.4968423441415936
321,2022_1120_1458,0.5605005902983058
322,2022_1120_1460,0.8458547962697639
323,2022_1120_1461,0.7264639817978755
324,2022_1120_1463,0.8461635465791152
325,2022_1124_1129,0.4461814854467412
326,2022_1124_1136,0.8108215777414111
327,2022_1124_1151,0.5477966396424896
328,2022_1124_1159,0.6995649461137582
329,2022_1124_1161,0.5267660836051512
330,2022_1124_1163,0.35830072202586616
331,2022_1124_1166,0.47321939018117715
332,2022_1124_1168,0.8283520154853358
333,2022_1124_1172,0.4203648066029723
334,2022_1124_1174,0.7617021051063799
335,2022_1124_1181,0.26137400070396166
336,2022_1124_1209,0.7644929863127622
337,2022_1124_1211,0.09314832782918113
338,2022_1124_1222,0.25650252333233015
339,2022_1124_1228,0.3299192780883107
340,2022_1124_1231,0.34261146518901564
341,2022_1124_1234,0.2347877987540619
342,2022_1124_1235,0.5042011003751268
343,2022_1124_1240,0.7806469931828757
344,2022_1124_1242,0.17765913893552285
345,2022_1124_1246,0.1976244081190965
346,2022_1124_1255,0.7943278338809191
347,2022_1124_1260,0.35977761326613916
348,2022_1124_1261,0.3668870895112565
349,2022_1124_1266,0.45435753574930887
350,2022_1124_1272,0.334864372657038
351,2022_1124_1274,0.45971095847114235
352,2022_1124_1276,0.2979912990888931
353,2022_1124_1277,0.4076853447327857
354,2022_1124_1286,0.7483105347655343
355,2022_1124_1293,0.5527423770636286
356,2022_1124_1308,0.5911447812783757
357,2022_1124_1313,0.825556566322962
358,2022_1124_1314,0.36296773258486353
359,2022_1124_1323,0.39224653182405333
360,2022_1124_1326,0.3829580023575809
361,2022_1124_1344,0.4639154290115932
362,2022_1124_1345,0.2484908433239965
363,2022_1124_1350,0.5033436870305129
364,2022_1124_1353,0.469496656821809
365,2022_1124_1355,0.4978038045315345
366,2022_1124_1361,0.4070916875107126
367,2022_1124_1362,0.4524850999392198
368,2022_1124_1371,0.4640821394345084
369,2022_1124_1388,0.4139327261330134
370,2022_1124_1389,0.7487996602885268
371,2022_1124_1394,0.9241147305092797
372,2022_1124_1395,0.44758636355795545
373,2022_1124_1397,0.25793187335398304
374,2022_1124_1400,0.3306308155787369
375,2022_1124_1403,0.27233591359803533
376,2022_1124_1411,0.8526084150322029
377,2022_1124_1412,0.48813873674912567
378,2022_1124_1417,0.1950651404913701
379,2022_1124_1425,0.44036422476060644
380,2022_1124_1436,0.47439113137542016
381,2022_1124_1437,0.2147398012973745
382,2022_1124_1439,0.32953763251753326
383,2022_1124_1458,0.3883027139031198
384,2022_1124_1460,0.7320025328056742
385,2022_1124_1461,0.5693278610926804
386,2022_1124_1463,0.7324671999280079
387,2022_1129_1136,0.7491131178726571
388,2022_1129_1151,0.4576771503266052
389,2022_1129_1159,0.6186347453319835
390,2022_1129_1161,0.43676471485638174
391,2022_1129_1163,0.2800493690599887
392,2022_1129_1166,0.38492524908059556
393,2022_1129_1168,0.7707450302872664
394,2022_1129_1172,0.335648788196282
395,2022_1129_1174,0.690095197778231
396,2022_1129_1181,0.19776708813628893
397,2022_1129_1209,0.6933871363786465
398,2022_1129_1211,0.06677887742174154
399,2022_1129_1222,0.19377011049211632
400,2022_1129_1228,0.25539932474895627
401,2022_1129_1231,0.26636427991063855
402,2022_1129_1234,0.17610819646182793
403,2022_1129_1235,0.4146767885780089
404,2022_1129_1240,0.7125848124594005
405,2022_1129_1242,0.1308165994199348
406,2022_1129_1246,0.14645524231834056
407,2022_1129_1255,0.7290371955372088
408,2022_1129_1260,0.2813451301859616
409,2022_1129_1261,0.28760096148022746
410,2022_1129_1266,0.367129977522002
411,2022_1129_1272,0.2596602850615212
412,2022_1129_1274,0.37215662934200194
413,2022_1129_1276,0.22822675550576288
414,2022_1129_1277,0.3240958570091562
415,2022_1129_1286,0.6743996992094388
416,2022_1129_1293,0.4626416690960129
417,2022_1129_1308,0.5018075580188679
418,2022_1129_1313,0.7672749793538371
419,2022_1129_1314,0.2841484569759345
420,2022_1129_1323,0.310164927035061
421,2022_1129_1326,0.30185472433875365
422,2022_1129_1344,0.3761177814249178
423,2022_1129_1345,0.18722442540951054
424,2022_1129_1350,0.4138445400600266
425,2022_1129_1353,0.3813942171130553
426,2022_1129_1355,0.40847954275801013
427,2022_1129_1361,0.32355742914459434
428,2022_1129_1362,0.3653763013789061
429,2022_1129_1371,0.37627508647406543
430,2022_1129_1388,0.3297754765321997
431,2022_1129_1389,0.674970072214603
432,2022_1129_1394,0.894555674411475
433,2022_1129_1395,0.3607991729418179
434,2022_1129_1397,0.19494154328095165
435,2022_1129_1400,0.2560115487035321
436,2022_1129_1403,0.20680827024305345
437,2022_1129_1411,0.8011883055909401
438,2022_1129_1412,0.3991702613166309
439,2022_1129_1417,0.1444393370714678
440,2022_1129_1425,0.3540798130029383
441,2022_1129_1436,0.38603857921517365
442,2022_1129_1437,0.16002290623498627
443,2022_1129_1439,0.2550710687186096
444,2022_1129_1458,0.30663001251484745
445,2022_1129_1460,0.6555073697998376
446,2022_1129_1461,0.47942157505400984
447,2022_1129_1463,0.6560423465182236
448,2022_1136_1151,0.13691343325214878
449,2022_1136_1159,0.2336685281639338
450,2022_1136_1161,0.12721935104068566
451,2022_1136_1163,0.06813573070137006
452,2022_1136_1166,0.10525400697839093
453,2022_1136_1168,0.3872359275088018
454,2022_1136_1172,0.08673138127942327
455,2022_1136_1174,0.2950661741894973
456,2022_1136_1181,0.04428652746846921
457,2022_1136_1209,0.29828747294789787
458,2022_1136_1211,0.013272181206122887
459,2022_1136_1222,0.04322434152125165
460,2022_1136_1228,0.060569154439369687
461,2022_1136_1231,0.06388723042338504
462,2022_1136_1234,0.03862706023624812
463,2022_1136_1235,0.11751938978436491
464,2022_1136_1240,0.31788739112368347
465,2022_1136_1242,0.027512240019953046
466,2022_1136_1246,0.03124516911601953
467,2022_1136_1255,0.33587630127839696
468,2022_1136_1260,0.06854433890289471
469,2022_1136_1261,0.0705328496326538
470,2022_1136_1266,0.09832127908628881
471,2022_1136_1272,0.06184965758386022
472,2022_1136_1274,0.10025047702084453
473,2022_1136_1276,0.05265910795328633
474,2022_1136_1277,0.08267985004960601
475,2022_1136_1286,0.28023095721948127
476,2022_1136_1293,0.13929222119720583
477,2022_1136_1308,0.1591938602482041
478,2022_1136_1313,0.3826108751017856
479,2022_1136_1314,0.06943217129478439
480,2022_1136_1323,0.07792950491438716
481,2022_1136_1326,0.07516358267474443
482,2022_1136_1344,0.10178671702604777
483,2022_1136_1345,0.04150240518749816
484,2022_1136_1350,0.11716415132584097
485,2022_1136_1353,0.10385529576941034
486,2022_1136_1355,0.11489139002639029
487,2022_1136_1361,0.08249354186820063
488,2022_1136_1362,0.09765349799237508
489,2022_1136_1371,0.10184801789705264
490,2022_1136_1388,0.08465867873735333
491,2022_1136_1389,0.28075541550929994
492,2022_1136_1394,0.614596559511437
493,2022_1136_1395,0.09592324941340795
494,2022_1136_1397,0.04353479800389132
495,2022_1136_1400,0.06075245169403972
496,2022_1136_1403,0.046719769083153444
497,2022_1136_1411,0.4310101909619508
498,2022_1136_1412,0.11101725060442114
499,2022_1136_1417,0.030757944171397652
500,2022_1136_1425,0.0934158963229389
501,2022_1136_1436,0.10569744159563985
502,2022_1136_1437,0.034572036322563275
503,2022_1136_1439,0.06047097063832998
504,2022_1136_1458,0.07674688854177368
505,2022_1136_1460,0.2634464480940066
506,2022_1136_1461,0.14756491200825644
507,2022_1136_1463,0.2639065749817779
508,2022_1151_1159,0.5189594179173468
509,2022_1151_1161,0.3402486831219352
510,2022_1151_1163,0.20552723961575392
511,2022_1151_1166,0.2938873955060116
512,2022_1151_1168,0.6909660273764885
513,2022_1151_1172,0.2514998541059681
514,2022_1151_1174,0.5969279306535862
515,2022_1151_1181,0.14085673852685016
516,2022_1151_1209,0.6006368064235348
517,2022_1151_1211,0.04542781270841652
518,2022_1151_1222,0.13781236298170835
519,2022_1151_1228,0.18574434428482173
520,2022_1151_1231,0.19449998233418087
521,2022_1151_1234,0.1244635325452496
522,2022_1151_1235,0.32026631775576136
523,2022_1151_1240,0.6224799494826837
524,2022_1151_1242,0.09098712877963987
525,2022_1151_1246,0.10242540084774426
526,2022_1151_1255,0.6414952358845216
527,2022_1151_1260,0.2065771302923125
528,2022_1151_1261,0.21166010613713648
529,2022_1151_1266,0.27839588897454426
530,2022_1151_1272,0.18913840048765002
531,2022_1151_1274,0.2827504137681499
532,2022_1151_1276,0.16434685125140994
533,2022_1151_1277,0.24178917251675908
534,2022_1151_1286,0.579389812115713
535,2022_1151_1293,0.36410394612022007
536,2022_1151_1308,0.40115543025099226
537,2022_1151_1313,0.6867791582473265
538,2022_1151_1314,0.20885197287441495
539,2022_1151_1323,0.23019122701523057
540,2022_1151_1326,0.2233300536248493
541,2022_1151_1344,0.286193728793402
542,2022_1151_1345,0.13284549817580385
543,2022_1151_1350,0.3195201146574444
544,2022_1151_1353,0.2907966516702168
545,2022_1151_1355,0.3147213671101489
546,2022_1151_1361,0.2413386589023075
547,2022_1151_1362,0.27688063276807856
548,2022_1151_1371,0.2863306853545079
549,2022_1151_1388,0.24655255290258407
550,2022_1151_1389,0.5800229738092044
551,2022_1151_1394,0.8494457586723124
552,2022_1151_1395,0.2729353237983757
553,2022_1151_1397,0.13870370407973265
554,2022_1151_1400,0.18623135770521504
555,2022_1151_1403,0.1477754416166647
556,2022_1151_1411,0.7282683320470631
557,2022_1151_1412,0.30644187837939146
558,2022_1151_1417,0.10094387626891492
559,2022_1151_1425,0.2671683566849986
560,2022_1151_1436,0.29486364438727664
561,2022_1151_1437,0.11245151104584804
562,2022_1151_1439,0.18548331230805226
563,2022_1151_1458,0.22726748435043123
564,2022_1151_1460,0.5585929242036451
565,2022_1151_1461,0.3798361810294182
566,2022_1151_1463,0.5591771918164172
567,2022_1159_1161,0.2115444147976703
568,2022_1159_1163,0.1186209128778008
569,2022_1159_1166,0.17798886681292503
570,2022_1159_1168,0.5377243083662633
571,2022_1159_1172,0.14879494714753025
572,2022_1159_1174,0.43517347791187455
573,2022_1159_1181,0.0785909695972914
574,2022_1159_1209,0.4389718666426388
575,2022_1159_1211,0.024160156266069308
576,2022_1159_1222,0.0767721049989738
577,2022_1159_1228,0.10608613579259173
578,2022_1159_1231,0.11160148608437659
579,2022_1159_1234,0.06886354202146037
580,2022_1159_1235,0.19686524013279938
581,2022_1159_1240,0.46173318730925555
582,2022_1159_1242,0.049496207558011124
583,2022_1159_1246,0.05604008840812279
584,2022_1159_1255,0.482108868533586
585,2022_1159_1260,0.11929352149675163
586,2022_1159_1261,0.1225605754318255
587,2022_1159_1266,0.16716037648691257
588,2022_1159_1272,0.10821807096739136
589,2022_1159_1274,0.17018535350887973
590,2022_1159_1276,0.09281910407938854
591,2022_1159_1277,0.1422959305121937
592,2022_1159_1286,0.4174656509058115
593,2022_1159_1293,0.22951520856060376
594,2022_1159_1308,0.25843702811898367
595,2022_1159_1313,0.532864890815559
596,2022_1159_1314,0.12075347451200381
597,2022_1159_1323,0.1346230370462991
598,2022_1159_1326,0.13012888854895382
599,2022_1159_1344,0.1725877091401146
600,2022_1159_1345,0.07381682924613014
601,2022_1159_1350,0.19632351274475066
602,2022_1159_1353,0.17581351451272564
603,2022_1159_1355,0.1928506411075058
604,2022_1159_1361,0.14199607994926616
605,2022_1159_1362,0.16611118502045313
606,2022_1159_1371,0.1726834521950705
607,2022_1159_1388,0.1454753112893473
608,2022_1159_1389,0.4180977556114193
609,2022_1159_1394,0.7458890273677892
610,2022_1159_1395,0.1633876148955957
611,2022_1159_1397,0.07730404816823548
612,2022_1159_1400,0.10639157885311142
613,2022_1159_1403,0.08274581976431297
614,2022_1159_1411,0.5823431223767779
615,2022_1159_1412,0.1869028189989286
616,2022_1159_1417,0.05518824751709025
617,2022_1159_1425,0.15942777448385964
618,2022_1159_1436,0.17867753975494027
619,2022_1159_1437,0.061838501205719244
620,2022_1159_1439,0.10592248733014735
621,2022_1159_1458,0.1327038912376545
622,2022_1159_1460,0.3969950871082411
623,2022_1159_1461,0.24164195724186652
624,2022_1159_1463,0.39756256560389414
625,2022_1161_1163,0.2196864073611355
626,2022_1161_1166,0.3117452525181683
627,2022_1161_1168,0.7087342998305732
628,2022_1161_1172,0.267758751586252
629,2022_1161_1174,0.6171068834577565
630,2022_1161_1181,0.15140971210156481
631,2022_1161_1209,0.620748050162801
632,2022_1161_1211,0.04924102886084822
633,2022_1161_1222,0.14817658997198377
634,2022_1161_1228,0.1988818028988537
635,2022_1161_1231,0.208098448512544
636,2022_1161_1234,0.13397985789414868
637,2022_1161_1235,0.3389576273279989
638,2022_1161_1240,0.6421465690938655
639,2022_1161_1242,0.09823106133062239
640,2022_1161_1246,0.11046932132621776
641,2022_1161_1255,0.6607111977166176
642,2022_1161_1260,0.22078852638939306
643,2022_1161_1261,0.22612152620466738
644,2022_1161_1266,0.2957066270468483
645,2022_1161_1272,0.2024562285902566
646,2022_1161_1274,0.30021926697702495
647,2022_1161_1276,0.17629857022984502
648,2022_1161_1277,0.2576363782544754
649,2022_1161_1286,0.5998582135754821
650,2022_1161_1293,0.38390870784571013
651,2022_1161_1308,0.4216392366764667
652,2022_1161_1313,0.7046852735595113
653,2022_1161_1314,0.2231758460858786
654,2022_1161_1323,0.2455244379626107
655,2022_1161_1326,0.2383477413653417
656,2022_1161_1344,0.303785214532758
657,2022_1161_1345,0.1428980996378216
658,2022_1161_1350,0.33818954189984035
659,2022_1161_1353,0.3085487674658718
660,2022_1161_1355,0.3332477188262432
661,2022_1161_1361,0.25716635226821694
662,2022_1161_1362,0.2941355567292832
663,2022_1161_1371,0.3039270050292498
664,2022_1161_1388,0.26260382835640816
665,2022_1161_1389,0.6004818097053036
666,2022_1161_1394,0.8599489479772239
667,2022_1161_1395,0.29004299752846324
668,2022_1161_1397,0.14912337060134814
669,2022_1161_1400,0.19939482706076736
670,2022_1161_1403,0.1587509842331372
671,2022_1161_1411,0.7446843574219469
672,2022_1161_1412,0.3247117900817485
673,2022_1161_1417,0.10888556066288466
674,2022_1161_1425,0.28405577931302545
675,2022_1161_1436,0.3127545477127577
676,2022_1161_1437,0.12117652460122973
677,2022_1161_1439,0.19860681168257316
678,2022_1161_1458,0.24246728401109194
679,2022_1161_1460,0.5793385850551983
680,2022_1161_1461,0.3999584441981118
681,2022_1161_1463,0.5799160436848242
682,2022_1163_1166,0.4745074326834547
683,2022_1163_1168,0.8290853385371175
684,2022_1163_1172,0.4216241309477711
685,2022_1163_1174,0.7626385805012155
686,2022_1163_1181,0.2623726212526664
687,2022_1163_1209,0.7654218716489518
688,2022_1163_1211,0.09358565143420823
689,2022_1163_1222,0.25748901996418383
690,2022_1163_1228,0.33106240482491367
691,2022_1163_1231,0.3437760069898073
692,2022_1163_1234,0.23571725866244855
693,2022_1163_1235,0.505492550718502
694,2022_1163_1240,0.7815303717249851
695,2022_1163_1242,0.17841517245016073
696,2022_1163_1246,0.1984449014358477
697,2022_1163_1255,0.7951705731193471
698,2022_1163_1260,0.3609684645021207
699,2022_1163_1261,0.3680879433642271
700,2022_1163_1266,0.4556386448217174
701,2022_1163_1272,0.3360160414951613
702,2022_1163_1274,0.4609944092299378
703,2022_1163_1276,0.29907317474713296
704,2022_1163_1277,0.4089334825525421
705,2022_1163_1286,0.7492823146692729
706,2022_1163_1293,0.5540192273616525
707,2022_1163_1308,0.5923928449543908
708,2022_1163_1313,0.8262993278829466
709,2022_1163_1314,0.36416313686382396
710,2022_1163_1323,0.39347880268972774
711,2022_1163_1326,0.3841795385767928
712,2022_1163_1344,0.46520051114280153
713,2022_1163_1345,0.2494568655781216
714,2022_1163_1350,0.5046351765145276
715,2022_1163_1353,0.4707836222031261
716,2022_1163_1355,0.4990953638213796
717,2022_1163_1361,0.4083392608089996
718,2022_1163_1362,0.45376532002621334
719,2022_1163_1371,0.4653672824839239
720,2022_1163_1388,0.4151865836149593
721,2022_1163_1389,0.7497701831754975
722,2022_1163_1394,0.9244762324429328
723,2022_1163_1395,0.4488640863539448
724,2022_1163_1397,0.25892195280206404
725,2022_1163_1400,0.3317751870204043
726,2022_1163_1403,0.2733609156981098
727,2022_1163_1411,0.8532564667573899
728,2022_1163_1412,0.4894296585675388
729,2022_1163_1417,0.1958776022126611
730,2022_1163_1425,0.4416378132162788
731,2022_1163_1436,0.4756794832632681
732,2022_1163_1437,0.2156122590962608
733,2022_1163_1439,0.33068008947372857
734,2022_1163_1458,0.38953053603042603
735,2022_1163_1460,0.7330148132206021
736,2022_1163_1461,0.5705941461518172
737,2022_1163_1463,0.7334783642474065
738,2022_1166_1168,0.7509408799742894
739,2022_1166_1172,0.3118183968901127
740,2022_1166_1174,0.6663401453617546
741,2022_1166_1181,0.18105810032311906
742,2022_1166_1209,0.6697636678198879
743,2022_1166_1211,0.060304931109390524
744,2022_1166_1222,0.17732417610531853
745,2022_1166_1228,0.23524896282951857
746,2022_1166_1231,0.2456341984912596
747,2022_1166_1234,0.16086219745407343
748,2022_1166_1235,0.38851681650720005
749,2022_1166_1240,0.6897787031006083
750,2022_1166_1242,0.1189255968952054
751,2022_1166_1246,0.13336082217673645
752,2022_1166_1255,0.7069997797909374
753,2022_1166_1260,0.25986212349875876
754,2022_1166_1261,0.26581695714878495
755,2022_1166_1266,0.34221581418370445
756,2022_1166_1272,0.23928177722029978
757,2022_1166_1274,0.34708842902472914
758,2022_1166_1276,0.2096167142673867
759,2022_1166_1277,0.30071442643251267
760,2022_1166_1286,0.6500516392271878
761,2022_1166_1293,0.43570825067811636
762,2022_1166_1308,0.4746078785792678
763,2022_1166_1313,0.7472693618191928
764,2022_1166_1314,0.2625295898042931
765,2022_1166_1323,0.28736123532736335
766,2022_1166_1326,0.2794145355515336
767,2022_1166_1344,0.3509318995121926
768,2022_1166_1345,0.17121606467032255
769,2022_1166_1350,0.38770229427487757
770,2022_1166_1353,0.3560566569317081
771,2022_1166_1355,0.38245507227102143
772,2022_1166_1361,0.30019759036495985
773,2022_1166_1362,0.34051711348497343
774,2022_1166_1371,0.3510845986674474
775,2022_1166_1388,0.30616990490453394
776,2022_1166_1389,0.6506425692922275
777,2022_1166_1394,0.8838349021904943
778,2022_1166_1395,0.33608647972933237
779,2022_1166_1397,0.1784181877377795
780,2022_1166_1400,0.23582818224883967
781,2022_1166_1403,0.18951586307920576
782,2022_1166_1411,0.7832745094457735
783,2022_1166_1412,0.37336452921424673
784,2022_1166_1417,0.1314973891959912
785,2022_1166_1425,0.3295900460334732
786,2022_1166_1436,0.36057231895319447
787,2022_1166_1437,0.14592280235731103
788,2022_1166_1439,0.23493843378320622
789,2022_1166_1458,0.28397922448359775
790,2022_1166_1460,0.6305205553059634
791,2022_1166_1461,0.4523335893475294
792,2022_1166_1463,0.631072496245918
793,2022_1168_1172,0.0777836005645721
794,2022_1168_1174,0.2710030870782651
795,2022_1168_1181,0.039528110280970453
796,2022_1168_1209,0.27406381715642747
797,2022_1168_1211,0.011804974869202336
798,2022_1168_1222,0.038575445593649144
799,2022_1168_1228,0.05416037621579615
800,2022_1168_1231,0.057148726558911345
801,2022_1168_1234,0.03445480863016744
802,2022_1168_1235,0.10576315320869914
803,2022_1168_1240,0.29273605569464867
804,2022_1168_1242,0.024509933486603297
805,2022_1168_1246,0.02784716692821871
806,2022_1168_1255,0.3099484128314342
807,2022_1168_1260,0.061346817292388514
808,2022_1168_1261,0.06314067801115175
809,2022_1168_1266,0.08829340564610279
810,2022_1168_1272,0.05531336780537535
811,2022_1168_1274,0.09004549234586597
812,2022_1168_1276,0.04704537241101002
813,2022_1168_1277,0.07411613069146772
814,2022_1168_1286,0.25693673965334485
815,2022_1168_1293,0.12566807075383504
816,2022_1168_1308,0.14394868786038198
817,2022_1168_1313,0.35500378023319473
818,2022_1168_1314,0.06214764274922833
819,2022_1168_1323,0.06982036163250245
820,2022_1168_1326,0.0673212405006677
821,2022_1168_1344,0.09144124397857115
822,2022_1168_1345,0.0370315401771358
823,2022_1168_1350,0.10543920562858479
824,2022_1168_1353,0.09332141904761379
825,2022_1168_1355,0.1033672558269382
826,2022_1168_1361,0.073947564127875
827,2022_1168_1362,0.08768710875587513
828,2022_1168_1371,0.09149694898405533
829,2022_1168_1388,0.0759069587394721
830,2022_1168_1389,0.25743319476159005
831,2022_1168_1394,0.5861422926211536
832,2022_1168_1395,0.08611659430147925
833,2022_1168_1397,0.03885386759229585
834,2022_1168_1400,0.054325400468993264
835,2022_1168_1403,0.04171131987369955
836,2022_1168_1411,0.40218581016520843
837,2022_1168_1412,0.09983787802661438
838,2022_1168_1417,0.027411429802004447
839,2022_1168_1425,0.0838418068143263
840,2022_1168_1436,0.09499652571360644
841,2022_1168_1437,0.030823739656244582
842,2022_1168_1439,0.05407198321289023
843,2022_1168_1458,0.0687516296409913
844,2022_1168_1460,0.24108012986973118
845,2022_1168_1461,0.13325688564294197
846,2022_1168_1463,0.24151400155733213
847,2022_1172_1174,0.7121254198664342
848,2022_1172_1181,0.21498337250005678
849,2022_1172_1209,0.7152798940321468
850,2022_1172_1211,0.0736389067627375
851,2022_1172_1222,0.21072984389013982
852,2022_1172_1228,0.27590719354110227
853,2022_1172_1231,0.2874127523475315
854,2022_1172_1234,0.19188999894011566
855,2022_1172_1235,0.4404095601805377
856,2022_1172_1240,0.7336333965722193
857,2022_1172_1242,0.14324530502072477
858,2022_1172_1246,0.16009608127816846
859,2022_1172_1255,0.7493047929933175
860,2022_1172_1260,0.3030883414048344
861,2022_1172_1261,0.3096193483246967
862,2022_1172_1266,0.39188767247984196
863,2022_1172_1272,0.2803814622545131
864,2022_1172_1274,0.3970406386103203
865,2022_1172_1276,0.24727733119616307
866,2022_1172_1277,0.3475451887080339
867,2022_1172_1286,0.6970558676868053
868,2022_1172_1293,0.48886494622616405
869,2022_1172_1308,0.5280692112437475
870,2022_1172_1313,0.7855238732769327
871,2022_1172_1314,0.3060160645639039
872,2022_1172_1323,0.33310305480486474
873,2022_1172_1326,0.3244673439996286
874,2022_1172_1344,0.4010974449476484
875,2022_1172_1345,0.20375603769114034
876,2022_1172_1350,0.4395644508387231
877,2022_1172_1353,0.40649598545270205
878,2022_1172_1355,0.43411296592471926
879,2022_1172_1361,0.34698780317788197
880,2022_1172_1362,0.3900886292775183
881,2022_1172_1371,0.4012584779825916
882,2022_1172_1388,0.3534208724371429
883,2022_1172_1389,0.6976043484152818
884,2022_1172_1394,0.9040718011536667
885,2022_1172_1395,0.3853899222808201
886,2022_1172_1397,0.2119768488898562
887,2022_1172_1400,0.2765503190452714
888,2022_1172_1403,0.22459127473812912
889,2022_1172_1411,0.8174107522027181
890,2022_1172_1412,0.42463887161998304
891,2022_1172_1417,0.15792715520627634
892,2022_1172_1425,0.3784837669073853
893,2022_1172_1436,0.41124281207640606
894,2022_1172_1437,0.17466883610019848
895,2022_1172_1439,0.2755623340577141
896,2022_1172_1458,0.3294315600227359
897,2022_1172_1460,0.6788521179757586
898,2022_1172_1461,0.5057008851520222
899,2022_1172_1463,0.6793685742877295
900,2022_1174_1181,0.05849963563535804
901,2022_1174_1209,0.3630518287875961
902,2022_1174_1211,0.017716203439587592
903,2022_1174_1222,0.05711692977279949
904,2022_1174_1228,0.07957284174727332
905,2022_1174_1231,0.08383906212511258
906,2022_1174_1234,0.051121000700988115
907,2022_1174_1235,0.15150956618223196
908,2022_1174_1240,0.38457503201254106
909,2022_1174_1242,0.03654775860438744
910,2022_1174_1246,0.041454390055673355
911,2022_1174_1255,0.40410203356690855
912,2022_1174_1260,0.0898110385112992
913,2022_1174_1261,0.09235533593631991
914,2022_1174_1266,0.12756141095496884
915,2022_1174_1272,0.08122037019796084
916,2022_1174_1274,0.12998163392488415
917,2022_1174_1276,0.0693642498935624
918,2022_1174_1277,0.10782457431051007
919,2022_1174_1286,0.3429911501790066
920,2022_1174_1293,0.17830736384961618
921,2022_1174_1308,0.2024720575461675
922,2022_1174_1313,0.45384239857223924
923,2022_1174_1314,0.09094743550001852
924,2022_1174_1323,0.10178985511228845
925,2022_1174_1326,0.09826731917559745
926,2022_1174_1344,0.13190668188858623
927,2022_1174_1345,0.0548732929107548
928,2022_1174_1350,0.15106917070586492
929,2022_1174_1353,0.13449572225883055
930,2022_1174_1355,0.1482491589070734
931,2022_1174_1361,0.10758825122520194
932,2022_1174_1362,0.12672294656366748
933,2022_1174_1371,0.13198345700852473
934,2022_1174_1388,0.11033282401243699
935,2022_1174_1389,0.3435769981754354
936,2022_1174_1394,0.6813534737265937
937,2022_1174_1395,0.12454873082603547
938,2022_1174_1397,0.0575211700946612
939,2022_1174_1400,0.07980876314937194
940,2022_1174_1403,0.061663405138778174
941,2022_1174_1411,0.5038980821471063
942,2022_1174_1412,0.14343247360860453
943,2022_1174_1417,0.0408146737200159
944,2022_1174_1425,0.12139360137323153
945,2022_1174_1436,0.13679839170651092
946,2022_1174_1437,0.0458168853239983
947,2022_1174_1439,0.07944645776123524
948,2022_1174_1458,0.1002845280295268
949,2022_1174_1460,0.3241404460054336
950,2022_1174_1461,0.18839002717028275
951,2022_1174_1463,0.32465985338933756
952,2022_1181_1209,0.8373621459618089
953,2022_1181_1211,0.1400918578856722
954,2022_1181_1222,0.35366487554463766
955,2022_1181_1228,0.4384902269279124
956,2022_1181_1231,0.45253841193133465
957,2022_1181_1234,0.32734618127940657
958,2022_1181_1235,0.6172904505477653
959,2022_1181_1240,0.8495018384252027
960,2022_1181_1242,0.2552073130950312
961,2022_1181_1246,0.28091044264449344
962,2022_1181_1255,0.8596602890356159
963,2022_1181_1260,0.47126395712787594
964,2022_1181_1261,0.4789284580699923
965,2022_1181_1266,0.5690997240160316
966,2022_1181_1272,0.4439844157328185
967,2022_1181_1274,0.5743819389335549
968,2022_1181_1276,0.40236441577544
969,2022_1181_1277,0.521914994071132
970,2022_1181_1286,0.8250408693320267
971,2022_1181_1293,0.6621781135659508
972,2022_1181_1308,0.6963461287689717
973,2022_1181_1313,0.8824372839972227
974,2022_1181_1314,0.47470963772960545
975,2022_1181_1323,0.5058446706982168
976,2022_1181_1326,0.49606177077207725
977,2022_1181_1344,0.5785122134645002
978,2022_1181_1345,0.344022623763576
979,2022_1181_1350,0.6164798474910239
980,2022_1181_1353,0.5839702908038578
981,2022_1181_1355,0.6112272121395504
982,2022_1181_1361,0.5213013944925469
983,2022_1181_1362,0.5672460100751912
984,2022_1181_1371,0.5786756521252597
985,2022_1181_1388,0.5283514050687557
986,2022_1181_1389,0.8254156688032356
987,2022_1181_1394,0.9507748288975132
988,2022_1181_1395,0.5623810082591341
989,2022_1181_1397,0.35537686462595464
990,2022_1181_1400,0.4392824153190841
991,2022_1181_1403,0.37249109667409974
992,2022_1181_1411,0.9017184491640238
993,2022_1181_1412,0.6019997895336953
994,2022_1181_1417,0.2776458239962288
995,2022_1181_1425,0.5551681054658266
996,2022_1181_1436,0.5887337745188209
997,2022_1181_1437,0.30251934771376626
998,2022_1181_1439,0.43806509467435456
999,2022_1181_1458,0.5017015469233408
1000,2022_1181_1460,0.8124585427084622
1001,2022_1181_1461,0.6770762983216364
1002,2022_1181_1463,0.8128193824900805
1003,2022_1209_1211,0.017449534051351127
1004,2022_1209_1222,0.05629117610700689
1005,2022_1209_1228,0.0784494488564458
1006,2022_1209_1231,0.082660848663154
1007,2022_1209_1234,0.050377300200107646
1008,2022_1209_1235,0.1495355812050874
1009,2022_1209_1240,0.38092774394195494
1010,2022_1209_1242,0.036008022080727994
1011,2022_1209_1246,0.040845264466114306
1012,2022_1209_1255,0.40039003742680046
1013,2022_1209_1260,0.08855701157103492
1014,2022_1209_1261,0.0910693376594453
1015,2022_1209_1266,0.12585316128473684
1016,2022_1209_1272,0.08007574137942432
1017,2022_1209_1274,0.12824573788969842
1018,2022_1209_1276,0.06837427357250898
1019,2022_1209_1277,0.10634841366521545
1020,2022_1209_1286,0.3395206682579645
1021,2022_1209_1293,0.17605668123787205
1022,2022_1209_1308,0.19999059440270167
1023,2022_1209_1313,0.450018549451003
1024,2022_1209_1314,0.08967910449521425
1025,2022_1209_1323,0.10038701604796113
1026,2022_1209_1326,0.09690778902101192
1027,2022_1209_1344,0.13014892284384763
1028,2022_1209_1345,0.05407811568017821
1029,2022_1209_1350,0.14909991527443872
1030,2022_1209_1353,0.13270873653477008
1031,2022_1209_1355,0.14631032812938913
1032,2022_1209_1361,0.10611494112375934
1033,2022_1209_1362,0.12502431618691068
1034,2022_1209_1371,0.13022482835163368
1035,2022_1209_1388,0.1088265130678215
1036,2022_1209_1389,0.3401036570186985
1037,2022_1209_1394,0.6779923358898176
1038,2022_1209_1395,0.12287514355234258
1039,2022_1209_1397,0.056689923602942574
1040,2022_1209_1400,0.07868232429164997
1041,2022_1209_1403,0.06077615872729299
1042,2022_1209_1411,0.5000386198417852
1043,2022_1209_1412,0.14154616793165992
1044,2022_1209_1417,0.04021455368052812
1045,2022_1209_1425,0.11975661068923411
1046,2022_1209_1436,0.13498558300440733
1047,2022_1209_1437,0.0451466769253001
1048,2022_1209_1439,0.07832469729964166
1049,2022_1209_1458,0.09890015065788314
1050,2022_1209_1460,0.3207675785653378
1051,2022_1209_1461,0.18604089130096935
1052,2022_1209_1463,0.3212841504710248
1053,2022_1211_1222,0.6533909213357614
1054,2022_1211_1228,0.7290197198942217
1055,2022_1211_1231,0.7401073791694839
1056,2022_1211_1234,0.6263837130971817
1057,2022_1211_1235,0.8474849370419637
1058,2022_1211_1240,0.9510908746322242
1059,2022_1211_1242,0.5413842784891543
1060,2022_1211_1246,0.5737080950670155
1061,2022_1211_1255,0.954757380072222
1062,2022_1211_1260,0.7543364197333512
1063,2022_1211_1261,0.7599873698495672
1064,2022_1211_1266,0.8198195464009029
1065,2022_1211_1272,0.733399545899873
1066,2022_1211_1274,0.8229842842250851
1067,2022_1211_1276,0.6987438648576404
1068,2022_1211_1277,0.7899563892538418
1069,2022_1211_1286,0.9420144570965587
1070,2022_1211_1293,0.8710148973995125
1071,2022_1211_1308,0.8876446386201191
1072,2022_1211_1313,0.9627686559580205
1073,2022_1211_1314,0.756889009527565
1074,2022_1211_1323,0.7790822448448095
1075,2022_1211_1326,0.772273452399813
1076,2022_1211_1344,0.825435272235512
1077,2022_1211_1345,0.6437155500369096
1078,2022_1211_1350,0.8470410859745181
1079,2022_1211_1353,0.8286429287873478
1080,2022_1211_1355,0.8441478776479567
1081,2022_1211_1361,0.7895480895121508
1082,2022_1211_1362,0.8187008109754647
1083,2022_1211_1371,0.8255318383847754
1084,2022_1211_1388,0.7942070750644732
1085,2022_1211_1389,0.9421562427556577
1086,2022_1211_1394,0.985194181975346
1087,2022_1211_1395,0.8157444241695665
1088,2022_1211_1397,0.6550832726583938
1089,2022_1211_1400,0.7296547326171944
1090,2022_1211_1403,0.6715936293510582
1091,2022_1211_1411,0.9693327426153777
1092,2022_1211_1412,0.8389925173665037
1093,2022_1211_1417,0.5697367316131613
1094,2022_1211_1425,0.8113063462536376
1095,2022_1211_1436,0.8314136995444045
1096,2022_1211_1437,0.5990760628178454
1097,2022_1211_1439,0.7286784470773684
1098,2022_1211_1458,0.7762165331585681
1099,2022_1211_1460,0.9372041030486166
1100,2022_1211_1461,0.878394571078809
1101,2022_1211_1463,0.9373434357586165
1102,2022_1222_1228,0.4447504896530096
1103,2022_1222_1231,0.4588353486172669
1104,2022_1222_1234,0.33296057979978555
1105,2022_1222_1235,0.6232699425252483
1106,2022_1222_1240,0.8527188740912598
1107,2022_1222_1242,0.26006279607893334
1108,2022_1222_1246,0.28606711723943773
1109,2022_1222_1255,0.8626952758092842
1110,2022_1222_1260,0.4775941467145057
1111,2022_1222_1261,0.4852671116715193
1112,2022_1222_1266,0.5753141444080485
1113,2022_1222_1272,0.45026021939416094
1114,2022_1222_1274,0.5805763236562241
1115,2022_1222_1276,0.4084841199820818
1116,2022_1222_1277,0.5282458144703982
1117,2022_1222_1286,0.8286753287724952
1118,2022_1222_1293,0.6678336642027007
1119,2022_1222_1308,0.7016873587740317
1120,2022_1222_1313,0.8850455630000946
1121,2022_1222_1314,0.4810440021049382
1122,2022_1222_1323,0.5121893967062954
1123,2022_1222_1326,0.5024085461629114
1124,2022_1222_1344,0.5846899506608486
1125,2022_1222_1345,0.3497743152324725
1126,2022_1222_1350,0.6224642585137066
1127,2022_1222_1353,0.5901247082306886
1128,2022_1222_1355,0.617242696807116
1129,2022_1222_1361,0.5276329862677829
1130,2022_1222_1362,0.5734671277210048
1131,2022_1222_1371,0.5848527128563163
1132,2022_1222_1388,0.5346729843813456
1133,2022_1222_1389,0.8290439557480169
1134,2022_1222_1394,0.9519495099244503
1135,2022_1222_1395,0.5686188771126266
1136,2022_1222_1397,0.3612138565901569
1137,2022_1222_1400,0.4455450138128385
1138,2022_1222_1403,0.3784441600378193
1139,2022_1222_1411,0.9039455150237976
1140,2022_1222_1412,0.6080664988126615
1141,2022_1222_1417,0.2827661355795966
1142,2022_1222_1425,0.5614286089750246
1143,2022_1222_1436,0.5948666118346065
1144,2022_1222_1437,0.30790284718974054
1145,2022_1222_1439,0.4443240906989863
1146,2022_1222_1458,0.5080477338887788
1147,2022_1222_1460,0.8162961793792928
1148,2022_1222_1461,0.6826019852394497
1149,2022_1222_1463,0.8166513016598747
1150,2022_1228_1231,0.3726864963024293
1151,2022_1228_1234,0.25912876500169857
1152,2022_1228_1235,0.536876447773127
1153,2022_1228_1240,0.8022489478762433
1154,2022_1228_1242,0.19760690616229154
1155,2022_1228_1246,0.2192163087264838
1156,2022_1228_1255,0.8149019497651958
1157,2022_1228_1260,0.39046449107342324
1158,2022_1228_1261,0.3978035777592366
1159,2022_1228_1266,0.4869753972963706
1160,2022_1228_1272,0.3646365586041214
1161,2022_1228_1274,0.4923663444144121
1162,2022_1228_1276,0.32609240993450384
1163,2022_1228_1277,0.43965236803759694
1164,2022_1228_1286,0.7721675941847483
1165,2022_1228_1293,0.5848526906036952
1166,2022_1228_1308,0.6223815845376266
1167,2022_1228_1313,0.8436217634220773
1168,2022_1228_1314,0.3937593585559705
1169,2022_1228_1323,0.4238692863816647
1170,2022_1228_1326,0.41434244743508003
1171,2022_1228_1344,0.4965949683202469
1172,2022_1228_1345,0.273744225164673
1173,2022_1228_1350,0.5360235425260277
1174,2022_1228_1353,0.5022010458869176
1175,2022_1228_1355,0.5305081756348581
1176,2022_1228_1361,0.4390466656759761
1177,2022_1228_1362,0.4850880437687863
1178,2022_1228_1371,0.4967625401384542
1179,2022_1228_1388,0.44602073927854186
1180,2022_1228_1389,0.7726244441422675
1181,2022_1228_1394,0.932804099294064
1182,2022_1228_1395,0.4801458762790493
1183,2022_1228_1397,0.28378240935733745
1184,2022_1228_1400,0.36023045676514864
1185,2022_1228_1403,0.2990482927984699
1186,2022_1228_1411,0.8683189977893344
1187,2022_1228_1412,0.5208667145626911
1188,2022_1228_1417,0.21645285384103763
1189,2022_1228_1425,0.47284806679651314
1190,2022_1228_1436,0.5071105544038302
1191,2022_1228_1437,0.23764783132851522
1192,2022_1228_1439,0.35909190877172537
1193,2022_1228_1458,0.41982715395701264
1194,2022_1228_1460,0.7569032207392388
1195,2022_1228_1461,0.6011067481448411
1196,2022_1228_1463,0.7573390261476032
1197,2022_1231_1234,0.24836082864061365
1198,2022_1231_1235,0.5227098933444111
1199,2022_1231_1240,0.7930711685459381
1200,2022_1231_1242,0.18874417869574356
1201,2022_1231_1246,0.20963760860507638
1202,2022_1231_1255,0.8061695247008289
1203,2022_1231_1260,0.3770162427843121
1204,2022_1231_1261,0.3842619099832652
1205,2022_1231_1266,0.47278138401796355
1206,2022_1231_1272,0.35156479317893036
1207,2022_1231_1274,0.4781616531537946
1208,2022_1231_1276,0.31372013978217134
1209,2022_1231_1277,0.4256931575086393
1210,2022_1231_1286,0.7620078773467559
1211,2022_1231_1293,0.5709809645271289
1212,2022_1231_1308,0.6089253403409199
1213,2022_1231_1313,0.8359715342057928
1214,2022_1231_1314,0.3802684262955175
1215,2022_1231_1323,0.4100444927153096
1216,2022_1231_1326,0.40061231609002607
1217,2022_1231_1344,0.4823842090822248
1218,2022_1231_1345,0.2625842083280378
1219,2022_1231_1350,0.5218541340701358
1220,2022_1231_1353,0.4879853726926371
1221,2022_1231_1355,0.5163223185892981
1222,2022_1231_1361,0.42509209717990054
1223,2022_1231_1362,0.47089854763548933
1224,2022_1231_1371,0.48255158225604405
1225,2022_1231_1388,0.43201522047207613
1226,2022_1231_1389,0.7624788330091803
1227,2022_1231_1394,0.9291503778484386
1228,2022_1231_1395,0.465970120917901
1229,2022_1231_1397,0.27236663097928165
1230,2022_1231_1400,0.34723032209458066
1231,2022_1231_1403,0.2872647187640333
1232,2022_1231_1411,0.8616788885720715
1233,2022_1231_1412,0.5066604469635828
1234,2022_1231_1417,0.20696289621670622
1235,2022_1231_1425,0.458697658426374
1236,2022_1231_1436,0.4928935117410909
1237,2022_1231_1437,0.22749842407189103
1238,2022_1231_1439,0.34611063395769415
1239,2022_1231_1458,0.40604128214726026
1240,2022_1231_1460,0.7462864748509536
1241,2022_1231_1461,0.5873949767391499
1242,2022_1231_1463,0.7467349446154049
1243,2022_1234_1235,0.6503766005514738
1244,2022_1234_1240,0.8668432234552272
1245,2022_1234_1242,0.2832498370898519
1246,2022_1234_1246,0.3105994511137761
1247,2022_1234_1255,0.8760020068371288
1248,2022_1234_1260,0.5068897424843244
1249,2022_1234_1261,0.5145697673277018
1250,2022_1234_1266,0.6036772240801139
1251,2022_1234_1272,0.47941784516466107
1252,2022_1234_1274,0.6088269177570664
1253,2022_1234_1276,0.43708737568940803
1254,2022_1234_1277,0.5573336795746759
1255,2022_1234_1286,0.8446854912350431
1256,2022_1234_1293,0.6933116390193733
1257,2022_1234_1308,0.7256354524076603
1258,2022_1234_1313,0.8964462438415478
1259,2022_1234_1314,0.5103444836425564
1260,2022_1234_1323,0.5414078044428604
1261,2022_1234_1326,0.5316771285762179
1262,2022_1234_1344,0.6128482341041337
1263,2022_1234_1345,0.37688589351601626
1264,2022_1234_1350,0.6495962960989223
1265,2022_1234_1353,0.6181551557785077
1266,2022_1234_1355,0.6445356957102372
1267,2022_1234_1361,0.5567269296199483
1268,2022_1234_1362,0.601868197611768
1269,2022_1234_1371,0.6130072649821532
1270,2022_1234_1388,0.5636918773936811
1271,2022_1234_1389,0.8450261125376632
1272,2022_1234_1394,0.957037044423874
1273,2022_1234_1395,0.5971159743067895
1274,2022_1234_1397,0.38868209573710366
1275,2022_1234_1400,0.4746609382813922
1276,2022_1234_1403,0.4063890874698652
1277,2022_1234_1411,0.9136546494402129
1278,2022_1234_1412,0.635627557913419
1279,2022_1234_1417,0.3071371699542314
1280,2022_1234_1425,0.5900582555318816
1281,2022_1234_1436,0.6227800629525219
1282,2022_1234_1437,0.3334331926056271
1283,2022_1234_1439,0.47342835542934375
1284,2022_1234_1458,0.5372901064797586
1285,2022_1234_1460,0.8332303553863603
1286,2022_1234_1461,0.7074434223218703
1287,2022_1234_1463,0.8335594165574506
1288,2022_1235_1240,0.6626341485311047
1289,2022_1235_1242,0.10653116672954138
1290,2022_1235_1246,0.11966628317280008
1291,2022_1235_1255,0.6806644761987655
1292,2022_1235_1260,0.23672574313930045
1293,2022_1235_1261,0.2423239808022437
1294,2022_1235_1266,0.3148664570368188
1295,2022_1235_1272,0.2174394249214767
1296,2022_1235_1274,0.31953882878380857
1297,2022_1235_1276,0.18980662586262084
1298,2022_1235_1277,0.27529369026484385
1299,2022_1235_1286,0.621339204704785
1300,2022_1235_1293,0.40549311931996085
1301,2022_1235_1308,0.44381682063462674
1302,2022_1235_1313,0.7231361425219912
1303,2022_1235_1314,0.23923248036619177
1304,2022_1235_1323,0.26264533521354005
1305,2022_1235_1326,0.2551374267104911
1306,2022_1235_1344,0.32322825650154785
1307,2022_1235_1345,0.1543264764247598
1308,2022_1235_1350,0.35870006480923317
1309,2022_1235_1353,0.32815298755163663
1310,2022_1235_1355,0.35361867202243175
1311,2022_1235_1361,0.2748033753005407
1312,2022_1235_1362,0.31323886570961657
1313,2022_1235_1371,0.3233749068587276
1314,2022_1235_1388,0.28047296351377765
1315,2022_1235_1389,0.6219504221738477
1316,2022_1235_1394,0.87048208821625
1317,2022_1235_1395,0.30899686186238795
1318,2022_1235_1397,0.1609561221966627
1319,2022_1235_1400,0.21421231118763445
1320,2022_1235_1403,0.17119397247167734
1321,2022_1235_1411,0.7614820150880598
1322,2022_1235_1412,0.34483081299391566
1323,2022_1235_1417,0.11796815505763421
1324,2022_1235_1425,0.30278525232264014
1325,2022_1235_1436,0.3324974910501121
1326,2022_1235_1437,0.1311334880911343
1327,2022_1235_1439,0.21338134408992138
1328,2022_1235_1458,0.25944830853667555
1329,2022_1235_1460,0.6011887737793402
1330,2022_1235_1461,0.42182738510630763
1331,2022_1235_1463,0.6017568563904997
1332,2022_1240_1242,0.032948379829109906
1333,2022_1240_1246,0.03739053881360581
1334,2022_1240_1255,0.3785261256825557
1335,2022_1240_1260,0.08140930491083463
1336,2022_1240_1261,0.08373748337853501
1337,2022_1240_1266,0.11607854924852959
1338,2022_1240_1272,0.07355733787823021
1339,2022_1240_1274,0.11831045220494187
1340,2022_1240_1276,0.06274343674867706
1341,2022_1240_1277,0.09791898214411456
1342,2022_1240_1286,0.31921111357415516
1343,2022_1240_1293,0.16311047959611077
1344,2022_1240_1308,0.18568104891205883
1345,2022_1240_1313,0.42737619740422755
1346,2022_1240_1314,0.08244902301987972
1347,2022_1240_1323,0.09238125304447299
1348,2022_1240_1326,0.0891519939817857
1349,2022_1240_1344,0.12008650651250406
1350,2022_1240_1345,0.049561978989553064
1351,2022_1240_1350,0.13780442956456015
1352,2022_1240_1353,0.12247627530488009
1353,2022_1240_1355,0.135192598489502
1354,2022_1240_1361,0.0977019920014108
1355,2022_1240_1362,0.11530558658468326
1356,2022_1240_1371,0.12015735407691351
1357,2022_1240_1388,0.10022268986072115
1358,2022_1240_1389,0.3197761131547543
1359,2022_1240_1394,0.6575943426908097
1360,2022_1240_1395,0.11330184574639128
1361,2022_1240_1397,0.05196765426855672
1362,2022_1240_1400,0.07226843825875237
1363,2022_1240_1403,0.05573361697692887
1364,2022_1240_1411,0.47706259004150187
1365,2022_1240_1412,0.13073501454582176
1366,2022_1240_1417,0.03681112670654057
1367,2022_1240_1425,0.11039570012067963
1368,2022_1240_1436,0.12460278817603106
1369,2022_1240_1437,0.041343816434441245
1370,2022_1240_1439,0.07193768741136712
1371,2022_1240_1458,0.09100096902769947
1372,2022_1240_1460,0.3010684582748399
1373,2022_1240_1461,0.17251422821481727
1374,2022_1240_1463,0.3015673911173739
1375,2022_1242_1246,0.39019297032717504
1376,2022_1242_1255,0.9093661584592954
1377,2022_1242_1260,0.5934818057059975
1378,2022_1242_1261,0.6008751090178085
1379,2022_1242_1266,0.6838729240099402
1380,2022_1242_1272,0.5667103754396005
1381,2022_1242_1274,0.6885182443351253
1382,2022_1242_1276,0.5244369790393505
1383,2022_1242_1277,0.6413354342386139
1384,2022_1242_1286,0.8853733774119278
1385,2022_1242_1293,0.7625053864694046
1386,2022_1242_1308,0.789748021620662
1387,2022_1242_1313,0.9247818020852626
1388,2022_1242_1314,0.5968124319632856
1389,2022_1242_1323,0.6264058876780024
1390,2022_1242_1326,0.6172035783651267
1391,2022_1242_1344,0.6921345864068885
1392,2022_1242_1345,0.46208044349728905
1393,2022_1242_1350,0.7247370974009497
1394,2022_1242_1353,0.6968922140820036
1395,2022_1242_1355,0.7202944267234983
1396,2022_1242_1361,0.6407696101641438
1397,2022_1242_1362,0.6822372692993077
1398,2022_1242_1371,0.6922774020065308
1399,2022_1242_1388,0.6472507346179407
1400,2022_1242_1389,0.8856368472000019
1401,2022_1242_1394,0.9693597414581107
1402,2022_1242_1395,0.6779310143180023
1403,2022_1242_1397,0.47451256190552143
1404,2022_1242_1400,0.5620224164095053
1405,2022_1242_1403,0.4929764934484615
1406,2022_1242_1411,0.9376091678378032
1407,2022_1242_1412,0.7124377970120086
1408,2022_1242_1417,0.3863406608051787
1409,2022_1242_1425,0.6715101880089765
1410,2022_1242_1436,0.7010247040061528
1411,2022_1242_1437,0.415352707288543
1412,2022_1242_1439,0.5608051488813064
1413,2022_1242_1458,0.6225192701288857
1414,2022_1242_1460,0.8764803260282193
1415,2022_1242_1461,0.7744858946068996
1416,2022_1242_1463,0.8767366731133043
1417,2022_1246_1255,0.8979673140737136
1418,2022_1246_1260,0.5615113772774657
1419,2022_1246_1261,0.569063929019666
1420,2022_1246_1266,0.6548773588453469
1421,2022_1246_1272,0.5342866776407226
1422,2022_1246_1274,0.6597367588939193
1423,2022_1246_1276,0.4916873050880257
1424,2022_1246_1277,0.6106595201452921
1425,2022_1246_1286,0.8713837907981355
1426,2022_1246_1293,0.7379585438919111
1427,2022_1246_1308,0.7671570818573692
1428,2022_1246_1313,0.9151408313333498
1429,2022_1246_1314,0.5649119112181579
1430,2022_1246_1323,0.5952589151439556
1431,2022_1246_1326,0.5857967051016333
1432,2022_1246_1344,0.6635239566252774
1433,2022_1246_1345,0.42970625318206823
1434,2022_1246_1350,0.6978335565428662
1435,2022_1246_1353,0.6685119661182953
1436,2022_1246_1355,0.6931405203577465
1437,2022_1246_1361,0.6100747251658054
1438,2022_1246_1362,0.6531677660088119
1439,2022_1246_1371,0.6636735951019161
1440,2022_1246_1388,0.6167784365479253
1441,2022_1246_1389,0.8716747551757661
1442,2022_1246_1394,0.9652175749324259
1443,2022_1246_1395,0.6486704351634233
1444,2022_1246_1397,0.44198302807445405
1445,2022_1246_1400,0.5295391379328374
1446,2022_1246_1403,0.46028991499664984
1447,2022_1246_1411,0.9294869620534588
1448,2022_1246_1412,0.6848548756017776
1449,2022_1246_1417,0.3557634035286399
1450,2022_1246_1425,0.6419743375522574
1451,2022_1246_1436,0.6728497442588416
1452,2022_1246_1437,0.3839157984916573
1453,2022_1246_1439,0.5283073602744927
1454,2022_1246_1458,0.5912597019557162
1455,2022_1246_1460,0.8615750791627441
1456,2022_1246_1461,0.7507725927638423
1457,2022_1246_1463,0.8618574844444877
1458,2022_1255_1260,0.07549980860888576
1459,2022_1255_1261,0.0776732750788064
1460,2022_1255_1266,0.1079481573572608
1461,2022_1255_1272,0.06817551333221798
1462,2022_1255_1274,0.11004319487740628
1463,2022_1255_1276,0.05810319034997625
1464,2022_1255_1277,0.09092968053289208
1465,2022_1255_1286,0.30170927433455774
1466,2022_1255_1293,0.152253290785517
1467,2022_1255_1308,0.1736331903698407
1468,2022_1255_1313,0.40749361559531766
1469,2022_1255_1314,0.07647033658713527
1470,2022_1255_1323,0.08574965192557116
1471,2022_1255_1326,0.08273107552128417
1472,2022_1255_1344,0.11171086707765128
1473,2022_1255_1345,0.04584889124959337
1474,2022_1255_1350,0.12837331306521405
1475,2022_1255_1353,0.1139555434921912
1476,2022_1255_1355,0.12591412716625208
1477,2022_1255_1361,0.09072662105834256
1478,2022_1255_1362,0.10722276729698298
1479,2022_1255_1371,0.11177740097242768
1480,2022_1255_1388,0.09308592132808433
1481,2022_1255_1389,0.3022570495284479
1482,2022_1255_1394,0.6389523649060969
1483,2022_1255_1395,0.1053427619378612
1484,2022_1255_1397,0.04808345589624668
1485,2022_1255_1400,0.06697409880974012
1486,2022_1255_1403,0.05158325615894511
1487,2022_1255_1411,0.45671210311927224
1488,2022_1255_1412,0.1217194149547704
1489,2022_1255_1417,0.03401911615222725
1490,2022_1255_1425,0.10261713767378115
1491,2022_1255_1436,0.1159536625972172
1492,2022_1255_1437,0.03822165776674933
1493,2022_1255_1439,0.0666658373716845
1494,2022_1255_1458,0.08445923145478203
1495,2022_1255_1460,0.28414617257118624
1496,2022_1255_1461,0.16115162608666614
1497,2022_1255_1463,0.2846284820327629
1498,2022_1260_1261,0.36659647207361784
1499,2022_1260_1266,0.4540473216747046
1500,2022_1260_1272,0.3345857157417028
1501,2022_1260_1274,0.45940016668976824
1502,2022_1260_1276,0.2977295912600999
1503,2022_1260_1277,0.407383205016456
1504,2022_1260_1286,0.7480747790288685
1505,2022_1260_1293,0.5524329989533863
1506,2022_1260_1308,0.5908423035891681
1507,2022_1260_1313,0.8253762816404141
1508,2022_1260_1314,0.362678441273655
1509,2022_1260_1323,0.39194826262510946
1510,2022_1260_1326,0.3826623490949899
1511,2022_1260_1344,0.4636042337900312
1512,2022_1260_1345,0.24825723494878546
1513,2022_1260_1350,0.5030308610544096
1514,2022_1260_1353,0.46918499438832795
1515,2022_1260_1355,0.4974909727692471
1516,2022_1260_1361,0.406789685600458
1517,2022_1260_1362,0.45217510485372264
1518,2022_1260_1371,0.46377092912799955
1519,2022_1260_1388,0.4136291896705193
1520,2022_1260_1389,0.7485642087682589
1521,2022_1260_1394,0.9240269305472932
1522,2022_1260_1395,0.44727698290001655
1523,2022_1260_1397,0.2576924328256843
1524,2022_1260_1400,0.33035393186369405
1525,2022_1260_1403,0.27208800444892584
1526,2022_1260_1411,0.8524510912501092
1527,2022_1260_1412,0.4878260787846925
1528,2022_1260_1417,0.1948687343250816
1529,2022_1260_1425,0.4400558594646307
1530,2022_1260_1436,0.47407912337238994
1531,2022_1260_1437,0.21452886489301595
1532,2022_1260_1439,0.3292612139578974
1533,2022_1260_1458,0.3880055290392772
1534,2022_1260_1460,0.7317569772412291
1535,2022_1260_1461,0.5690210102658153
1536,2022_1260_1463,0.7322219143714553
1537,2022_1261_1266,0.4464398515207691
1538,2022_1261_1272,0.32777811043613364
1539,2022_1261_1274,0.4517772259584589
1540,2022_1261_1276,0.291343544848894
1541,2022_1261_1277,0.39998477253660164
1542,2022_1261_1286,0.7422384816010985
1543,2022_1261_1293,0.5448221152136071
1544,2022_1261_1308,0.583392008037216
1545,2022_1261_1313,0.8209020663076392
1546,2022_1261_1314,0.35560471226346047
1547,2022_1261_1323,0.3846482007650565
1548,2022_1261_1326,0.3754284532654381
1549,2022_1261_1344,0.4559703724536823
1550,2022_1261_1345,0.2425658083171837
1551,2022_1261_1350,0.49534731785141844
1552,2022_1261_1353,0.46153830856507905
1553,2022_1261_1355,0.48980864878392066
1554,2022_1261_1361,0.3993947675449935
1555,2022_1261_1362,0.4445734596098059
1556,2022_1261_1371,0.4561366570872837
1557,2022_1261_1388,0.4061950742971629
1558,2022_1261_1389,0.7427353505129554
1559,2022_1261_1394,0.9218409917892021
1560,2022_1261_1395,0.43969159120688134
1561,2022_1261_1397,0.2518571688661793
1562,2022_1261_1400,0.32359055692460514
1563,2022_1261_1403,0.2660435935091066
1564,2022_1261_1411,0.8485432914401752
1565,2022_1261_1412,0.4801503953771126
1566,2022_1261_1417,0.19009176667569988
1567,2022_1261_1425,0.4324971054736888
1568,2022_1261_1436,0.4664227615702398
1569,2022_1261_1437,0.20939529533359386
1570,2022_1261_1439,0.322509436059097
1571,2022_1261_1458,0.3807329201964682
1572,2022_1261_1460,0.7256812726290421
1573,2022_1261_1461,0.5614682859856726
1574,2022_1261_1463,0.7261527996086988
1575,2022_1266_1272,0.25336095190767816
1576,2022_1266_1274,0.36447171568857184
1577,2022_1266_1276,0.2224608546814345
1578,2022_1266_1277,0.3169024513020246
1579,2022_1266_1286,0.6671050755576924
1580,2022_1266_1293,0.4544407022400712
1581,2022_1266_1308,0.49354999055279997
1582,2022_1266_1313,0.7613247069310392
1583,2022_1266_1314,0.27747770329274446
1584,2022_1266_1323,0.3031420462353415
1585,2022_1266_1326,0.2949395572920206
1586,2022_1266_1344,0.3683990669250158
1587,2022_1266_1345,0.18224978697157632
1588,2022_1266_1350,0.4058552564575899
1589,2022_1266_1353,0.3736320682458049
1590,2022_1266_1355,0.40052305970220775
1591,2022_1266_1361,0.316370380305185
1592,2022_1266_1362,0.35775161926192983
1593,2022_1266_1371,0.36855505080571205
1594,2022_1266_1388,0.32251616148154105
1595,2022_1266_1389,0.6676819302705284
1596,2022_1266_1394,0.8913990766699086
1597,2022_1266_1395,0.35321684467064135
1598,2022_1266_1397,0.1898097427760051
1599,2022_1266_1400,0.24977086992969016
1600,2022_1266_1403,0.20144224660124468
1601,2022_1266_1411,0.7958744428329846
1602,2022_1266_1412,0.3912751628765542
1603,2022_1266_1417,0.14040513500186919
1604,2022_1266_1425,0.3465621333693002
1605,2022_1266_1436,0.37823970269784435
1606,2022_1266_1437,0.15563262900847402
1607,2022_1266_1439,0.24884564754061
1608,2022_1266_1458,0.2996524031470578
1609,2022_1266_1460,0.6480104000324696
1610,2022_1266_1461,0.4711839783136836
1611,2022_1266_1463,0.6485507770742998
1612,2022_1272_1274,0.4867976222195551
1613,2022_1272_1276,0.32121429632098786
1614,2022_1272_1277,0.4341699269144697
1615,2022_1272_1286,0.7682233870220999
1616,2022_1272_1293,0.5794319161474204
1617,2022_1272_1308,0.6171300460358047
1618,2022_1272_1313,0.8406592997720891
1619,2022_1272_1314,0.38845247404850286
1620,2022_1272_1323,0.4184366894673347
1621,2022_1272_1326,0.4089452830176105
1622,2022_1272_1344,0.4910246813260337
1623,2022_1272_1345,0.2693362303681273
1624,2022_1272_1350,0.5304770397701656
1625,2022_1272_1353,0.49662991257438516
1626,2022_1272_1355,0.5249541724694545
1627,2022_1272_1361,0.4335659334772519
1628,2022_1272_1362,0.4795238798870792
1629,2022_1272_1371,0.4911922075431964
1630,2022_1272_1388,0.4405213162038561
1631,2022_1272_1389,0.7686857766736631
1632,2022_1272_1394,0.9313937301862011
1633,2022_1272_1395,0.4745861520282151
1634,2022_1272_1397,0.27927493116995145
1635,2022_1272_1400,0.35511076172883105
1636,2022_1272_1403,0.29439800683375245
1637,2022_1272_1411,0.8657499493373905
1638,2022_1272_1412,0.515302862241861
1639,2022_1272_1417,0.212697216600259
1640,2022_1272_1425,0.46729688580541645
1641,2022_1272_1436,0.5015398303739328
1642,2022_1272_1437,0.23363409755392567
1643,2022_1272_1439,0.35397944207631116
1644,2022_1272_1458,0.41440909934305853
1645,2022_1272_1460,0.7527793636452266
1646,2022_1272_1461,0.5957515130590305
1647,2022_1272_1463,0.7532201516061258
1648,2022_1274_1276,0.2187516462662746
1649,2022_1274_1277,0.3122509395331123
1650,2022_1274_1286,0.662297040436033
1651,2022_1274_1293,0.4490976382396114
1652,2022_1274_1308,0.4881585462382223
1653,2022_1274_1313,0.7573825816604911
1654,2022_1274_1314,0.2731734542503585
1655,2022_1274_1323,0.2986042201626481
1656,2022_1274_1326,0.2904733357202027
1657,2022_1274_1344,0.363393792304692
1658,2022_1274_1345,0.179056641215599
1659,2022_1274_1350,0.4006639086547327
1660,2022_1274_1353,0.36859718764805055
1661,2022_1274_1355,0.395354532015675
1662,2022_1274_1361,0.31172311441307
1663,2022_1274_1362,0.3528101989897085
1664,2022_1274_1371,0.36354887675927977
1665,2022_1274_1388,0.31782058833554794
1666,2022_1274_1389,0.6628780163550787
1667,2022_1274_1394,0.8892929426322568
1668,2022_1274_1395,0.34830409177145716
1669,2022_1274_1397,0.18651435204625735
1670,2022_1274_1400,0.24575022710298022
1671,2022_1274_1403,0.19799425216083044
1672,2022_1274_1411,0.792347319712243
1673,2022_1274_1412,0.38614910275370656
1674,2022_1274_1417,0.13782157434430437
1675,2022_1274_1425,0.3416930403130822
1676,2022_1274_1436,0.37317972422186113
1677,2022_1274_1437,0.1528186844112868
1678,2022_1274_1439,0.2448350378355804
1679,2022_1274_1458,0.2951446901135317
1680,2022_1274_1460,0.6430741344564074
1681,2022_1274_1461,0.46581213854996084
1682,2022_1274_1463,0.6436179219608892
1683,2022_1276_1277,0.47645700132729535
1684,2022_1276_1286,0.7972060370002576
1685,2022_1276_1293,0.6203556200571847
1686,2022_1276_1308,0.6565597428210624
1687,2022_1276_1313,0.8622087934304737
1688,2022_1276_1314,0.42966802924700576
1689,2022_1276_1323,0.4604383424955084
1690,2022_1276_1326,0.45073260757177713
1691,2022_1276_1344,0.53362691288279
1692,2022_1276_1345,0.30420003088300535
1693,2022_1276_1350,0.5726510393024143
1694,2022_1276_1353,0.5392032616544217
1695,2022_1276_1355,0.5672195339398819
1696,2022_1276_1361,0.47584365230239445
1697,2022_1276_1362,0.5221519438345168
1698,2022_1276_1371,0.5337937303564844
1699,2022_1276_1388,0.4828990572715966
1700,2022_1276_1389,0.7976258384025691
1701,2022_1276_1394,0.941525699995557
1702,2022_1276_1395,0.5172114627023443
1703,2022_1276_1397,0.31487082949037015
1704,2022_1276_1400,0.395074082688373
1705,2022_1276_1403,0.3310361184095219
1706,2022_1276_1411,0.8843728690091295
1707,2022_1276_1412,0.5577034299621945
1708,2022_1276_1417,0.24266438662124365
1709,2022_1276_1425,0.5099028690543879
1710,2022_1276_1436,0.5440791399867574
1711,2022_1276_1437,0.26555611921541067
1712,2022_1276_1439,0.3938932106251952
1713,2022_1276_1458,0.4563236907734759
1714,2022_1276_1460,0.783148085328605
1715,2022_1276_1461,0.6360845725030951
1716,2022_1276_1463,0.7835502956522551
1717,2022_1277_1286,0.7079779200167734
1718,2022_1277_1293,0.5019296791728416
1719,2022_1277_1308,0.5410725785628577
1720,2022_1277_1313,0.7941980803495359
1721,2022_1277_1314,0.3172269920935607
1722,2022_1277_1323,0.3448132649104923
1723,2022_1277_1326,0.3360269340370501
1724,2022_1277_1344,0.41371512644331354
1725,2022_1277_1345,0.2123670721324412
1726,2022_1277_1350,0.45247798524063676
1727,2022_1277_1353,0.4191646340077866
1728,2022_1277_1355,0.4469940825270083
1729,2022_1277_1361,0.35892342616609557
1730,2022_1277_1362,0.4025927950576001
1731,2022_1277_1371,0.41387772449321303
1732,2022_1277_1388,0.36545393910169366
1733,2022_1277_1389,0.7085148953343614
1734,2022_1277_1394,0.9085099100449696
1735,2022_1277_1395,0.39784171817949204
1736,2022_1277_1397,0.22083894881074745
1737,2022_1277_1400,0.2871283895925878
1738,2022_1277_1403,0.2338242623093907
1739,2022_1277_1411,0.8250825045023225
1740,2022_1277_1412,0.4374561871377959
1741,2022_1277_1417,0.16500274805296128
1742,2022_1277_1425,0.3908543279320393
1743,2022_1277_1436,0.42395372284866806
1744,2022_1277_1437,0.1823320924647404
1745,2022_1277_1439,0.28611755989300597
1746,2022_1277_1458,0.3410787113367419
1747,2022_1277_1460,0.6901387263148047
1748,2022_1277_1461,0.5187589070893059
1749,2022_1277_1463,0.690645303280303
1750,2022_1286_1293,0.18916489944405246
1751,2022_1286_1308,0.21441706916351594
1752,2022_1286_1313,0.47184342214220265
1753,2022_1286_1314,0.09711413453822108
1754,2022_1286_1323,0.10860389497647635
1755,2022_1286_1326,0.1048730848792167
1756,2022_1286_1344,0.14042162437586403
1757,2022_1286_1345,0.0587520671254782
1758,2022_1286_1350,0.16059226866715803
1759,2022_1286_1353,0.14315023447756656
1760,2022_1286_1355,0.15762749650078497
1761,2022_1286_1361,0.11474086389418743
1762,2022_1286_1362,0.13495528584898678
1763,2022_1286_1371,0.14050255339727594
1764,2022_1286_1388,0.11764384608297108
1765,2022_1286_1389,0.3600880130326466
1766,2022_1286_1394,0.6968644382278305
1767,2022_1286_1395,0.132661282600487
1768,2022_1286_1397,0.06157491821648982
1769,2022_1286_1400,0.08529106499546044
1770,2022_1286_1403,0.06598863413910712
1771,2022_1286_1411,0.5219869706401644
1772,2022_1286_1412,0.15256068186507385
1773,2022_1286_1417,0.04374569636261736
1774,2022_1286_1425,0.12933100231025157
1775,2022_1286_1436,0.14557615356076625
1776,2022_1286_1437,0.049088747419344464
1777,2022_1286_1439,0.08490616817425217
1778,2022_1286_1458,0.10700980334301059
1779,2022_1286_1460,0.34020149815212136
1780,2022_1286_1461,0.19971229683247743
1781,2022_1286_1463,0.3407336669972481
1782,2022_1293_1308,0.396364031745471
1783,2022_1293_1313,0.6824641223062182
1784,2022_1293_1314,0.20556898498315215
1785,2022_1293_1323,0.2266689075114779
1786,2022_1293_1326,0.21988273386876492
1787,2022_1293_1344,0.2821285344554157
1788,2022_1293_1345,0.13056010506473853
1789,2022_1293_1350,0.31519056779513477
1790,2022_1293_1353,0.2866923355816806
1791,2022_1293_1355,0.3104271809137309
1792,2022_1293_1361,0.23769843401149615
1793,2022_1293_1362,0.2728971500845333
1794,2022_1293_1371,0.28226431490986414
1795,2022_1293_1388,0.24285885938991336
1796,2022_1293_1389,0.575147033747778
1797,2022_1293_1394,0.8468720183997651
1798,2022_1293_1395,0.2689874881464057
1799,2022_1293_1397,0.1363333746732135
1800,2022_1293_1400,0.18322159981508787
1801,2022_1293_1403,0.145276232742285
1802,2022_1293_1411,0.7242954110576869
1803,2022_1293_1412,0.3022108412021094
1804,2022_1293_1417,0.09914455134700455
1805,2022_1293_1425,0.26327373137043775
1806,2022_1293_1436,0.2907254574145462
1807,2022_1293_1437,0.11047226723261833
1808,2022_1293_1439,0.1824829328819016
1809,2022_1293_1458,0.2237768980755756
1810,2022_1293_1460,0.5536596404391468
1811,2022_1293_1461,0.3751399048471553
1812,2022_1293_1463,0.5542452271258935
1813,2022_1308_1313,0.6475247359619533
1814,2022_1308_1314,0.1811186174154037
1815,2022_1308_1323,0.20034179981982492
1816,2022_1308_1326,0.1941459470094431
1817,2022_1308_1344,0.25145441758386333
1818,2022_1308_1345,0.11375382217594994
1819,2022_1308_1350,0.2823355703841364
1820,2022_1308_1353,0.2556987639488875
1821,2022_1308_1355,0.27786724128001417
1822,2022_1308_1361,0.21043887140545756
1823,2022_1308_1362,0.24288711947368674
1824,2022_1308_1371,0.2515806090559146
1825,2022_1308_1388,0.2151745408838886
1826,2022_1308_1389,0.5364203751064686
1827,2022_1308_1394,0.8253945898398032
1828,2022_1308_1395,0.2392659174522372
1829,2022_1308_1397,0.11888554904014807
1830,2022_1308_1400,0.1608909226226774
1831,2022_1308_1403,0.126852007579812
1832,2022_1308_1411,0.6918807596516329
1833,2022_1308_1412,0.2701750426810928
1834,2022_1308_1417,0.08598229750011077
1835,2022_1308_1425,0.23398142043089828
1836,2022_1308_1436,0.2594544672980645
1837,2022_1308_1437,0.09596636794018923
1838,2022_1308_1439,0.16022462258479978
1839,2022_1308_1458,0.19769981905526468
1840,2022_1308_1460,0.5146272587273529
1841,2022_1308_1461,0.33913051466020927
1842,2022_1308_1463,0.5152192162020631
1843,2022_1313_1314,0.06329604244815477
1844,2022_1313_1323,0.07109979362910768
1845,2022_1313_1326,0.06855825236076289
1846,2022_1313_1344,0.09307722585313191
1847,2022_1313_1345,0.037734503624431155
1848,2022_1313_1350,0.10729605055677655
1849,2022_1313_1353,0.09498752246536402
1850,2022_1313_1355,0.10519190320069449
1851,2022_1313_1361,0.07529650348740981
1852,2022_1313_1362,0.08926252388837191
1853,2022_1313_1371,0.09313382531990709
1854,2022_1313_1388,0.07728865793525576
1855,2022_1313_1389,0.2611852236489196
1856,2022_1313_1394,0.5908730125883871
1857,2022_1313_1395,0.08766650444449474
1858,2022_1313_1397,0.03959000177135256
1859,2022_1313_1400,0.05533778508092181
1860,2022_1313_1403,0.04249919816266641
1861,2022_1313_1411,0.406891539215832
1862,2022_1313_1412,0.10160728452513497
1863,2022_1313_1417,0.027937074300181778
1864,2022_1313_1425,0.08535459957625278
1865,2022_1313_1436,0.09668934621060886
1866,2022_1313_1437,0.03141270555530491
1867,2022_1313_1439,0.05507992031254741
1868,2022_1313_1458,0.07001295158491316
1869,2022_1313_1460,0.24467234927408923
1870,2022_1313_1461,0.13552939637591907
1871,2022_1313_1463,0.24511059788323827
1872,2022_1314_1323,0.3886588342301231
1873,2022_1314_1326,0.3794022259933117
1874,2022_1314_1344,0.46016854647616207
1875,2022_1314_1345,0.24568647300375038
1876,2022_1314_1350,0.4995751169256585
1877,2022_1314_1353,0.46574385956270853
1878,2022_1314_1355,0.49403545330378407
1879,2022_1314_1361,0.403458347143694
1880,2022_1314_1362,0.4487532566712666
1881,2022_1314_1371,0.4603350666421395
1882,2022_1314_1388,0.4102805789583754
1883,2022_1314_1389,0.7459535492031596
1884,2022_1314_1394,0.9230508252995965
1885,2022_1314_1395,0.4438621689963746
1886,2022_1314_1397,0.25505711685725396
1887,2022_1314_1400,0.3273031798441631
1888,2022_1314_1403,0.2693588912384716
1889,2022_1314_1411,0.8507039588593496
1890,2022_1314_1412,0.4843729821548621
1891,2022_1314_1417,0.19270909973838576
1892,2022_1314_1425,0.43665262291115403
1893,2022_1314_1436,0.47063391896462176
1894,2022_1314_1437,0.2122087743880633
1895,2022_1314_1439,0.32621563715982227
1896,2022_1314_1458,0.3847282536299661
1897,2022_1314_1460,0.7290349770020184
1898,2022_1314_1461,0.5656278976043123
1899,2022_1314_1463,0.7295028880760024
1900,2022_1323_1326,0.35052920547845123
1901,2022_1323_1344,0.4294019143292893
1902,2022_1323_1345,0.2233274978412085
1903,2022_1323_1350,0.46846014977905187
1904,2022_1323_1353,0.4349047738049671
1905,2022_1323_1355,0.46294632635916433
1906,2022_1323_1361,0.3738574666592552
1907,2022_1323_1362,0.4181586470463631
1908,2022_1323_1371,0.429566160390258
1909,2022_1323_1388,0.38049842582577753
1910,2022_1323_1389,0.721621407456923
1911,2022_1323_1394,0.9137188336723665
1912,2022_1323_1395,0.4133509750434469
1913,2022_1323_1397,0.23210776413146522
1914,2022_1323_1400,0.30047532284707346
1915,2022_1323_1403,0.245546867878485
1916,2022_1323_1411,0.8341743371665196
1917,2022_1323_1412,0.45334708888122466
1918,2022_1323_1417,0.17405887665463612
1919,2022_1323_1425,0.4062749748585758
1920,2022_1323_1436,0.43973754882768085
1921,2022_1323_1437,0.1921204994463569
1922,2022_1323_1439,0.29943724238846325
1923,2022_1323_1458,0.3556822144273142
1924,2022_1323_1460,0.7037259978868471
1925,2022_1323_1461,0.5347954886745852
1926,2022_1323_1463,0.7042198818219685
1927,2022_1326_1344,0.4390154522419922
1928,2022_1326_1345,0.23018861598389773
1929,2022_1326_1350,0.47821526472108145
1930,2022_1326_1353,0.4445455280150405
1931,2022_1326_1355,0.4726887287854154
1932,2022_1326_1361,0.383062295976894
1933,2022_1326_1362,0.4277091502006522
1934,2022_1326_1371,0.43918054521294836
1935,2022_1326_1388,0.3897649819080894
1936,2022_1326_1389,0.7294140197213809
1937,2022_1326_1394,0.9167544169008973
1938,2022_1326_1395,0.42287147757631566
1939,2022_1326_1397,0.23915556950137457
1940,2022_1326_1400,0.30876434518979906
1941,2022_1326_1403,0.2528683649457538
1942,2022_1326_1411,0.839516957854625
1943,2022_1326_1412,0.46306165963431806
1944,2022_1326_1417,0.1797566772762444
1945,2022_1326_1425,0.41574799910256893
1946,2022_1326_1436,0.4494002364563673
1947,2022_1326_1437,0.19826761675481552
1948,2022_1326_1439,0.30771022478425947
1949,2022_1326_1458,0.36470019385654573
1950,2022_1326_1460,0.711819501267364
1951,2022_1326_1461,0.5445168792240664
1952,2022_1326_1463,0.7123054091054246
1953,2022_1344_1345,0.17658345760659136
1954,2022_1344_1350,0.39660858342502125
1955,2022_1344_1353,0.36466894378672915
1956,2022_1344_1355,0.3913178585525554
1957,2022_1344_1361,0.3081052240957051
1958,2022_1344_1362,0.34895721682683756
1959,2022_1344_1371,0.3596437892410762
1960,2022_1344_1388,0.31416423214868605
1961,2022_1344_1389,0.659087283707869
1962,2022_1344_1394,0.8876164802466693
1963,2022_1344_1395,0.34447412724002724
1964,2022_1344_1397,0.18396124290981075
1965,2022_1344_1400,0.24262810812411498
1966,2022_1344_1403,0.19532173074474582
1967,2022_1344_1411,0.7895502039499775
1968,2022_1344_1412,0.3821470158319694
1969,2022_1344_1417,0.13582371048296987
1970,2022_1344_1425,0.3378980792963114
1971,2022_1344_1436,0.3692312020619949
1972,2022_1344_1437,0.1506414064328564
1973,2022_1344_1439,0.24172081963102182
1974,2022_1344_1458,0.29163768206218915
1975,2022_1344_1460,0.6391819298760921
1976,2022_1344_1461,0.46160527978279314
1977,2022_1344_1463,0.6397283251488773
1978,2022_1345_1350,0.6323871626239749
1979,2022_1345_1353,0.600351873776394
1980,2022_1345_1355,0.6272206511314852
1981,2022_1345_1361,0.538199222225029
1982,2022_1345_1362,0.5838168042177675
1983,2022_1345_1371,0.5951211720572366
1984,2022_1345_1388,0.5452174776288568
1985,2022_1345_1389,0.8349767119171518
1986,2022_1345_1394,0.9538544336932806
1987,2022_1345_1395,0.5789998307135779
1988,2022_1345_1397,0.37106538481797946
1989,2022_1345_1400,0.45605448096806034
1990,2022_1345_1403,0.388479828397523
1991,2022_1345_1411,0.9075687362446729
1992,2022_1345_1412,0.6181356734152865
1993,2022_1345_1417,0.2914543185418878
1994,2022_1345_1425,0.5718523077581114
1995,2022_1345_1436,0.6050546440920506
1996,2022_1345_1437,0.3170219923771491
1997,2022_1345_1439,0.4548283831389889
1998,2022_1345_1458,0.5186524008629513
1999,2022_1345_1460,0.8225766507902074
2000,2022_1345_1461,0.6917270646147042
2001,2022_1345_1463,0.8229222658515286
2002,2022_1350_1353,0.32890960689173043
2003,2022_1350_1355,0.354403034344011
2004,2022_1350_1361,0.27548742561036127
2005,2022_1350_1362,0.3139771680863537
2006,2022_1350_1371,0.3241258243549642
2007,2022_1350_1388,0.28116565504207885
2008,2022_1350_1389,0.6227565381760599
2009,2022_1350_1394,0.8708682886876725
2010,2022_1350_1395,0.309729675133833
2011,2022_1350_1397,0.16141985960151287
2012,2022_1350_1400,0.21479020785209432
2013,2022_1350_1403,0.17168117110030362
2014,2022_1350_1411,0.762104410088781
2015,2022_1350_1412,0.3456061050944577
2016,2022_1350_1417,0.11832550450868784
2017,2022_1350_1425,0.30350980468921784
2018,2022_1350_1436,0.333259158655983
2019,2022_1350_1437,0.13152477120235465
2020,2022_1350_1439,0.21395760938853783
2021,2022_1350_1458,0.2601078457724098
2022,2022_1350_1460,0.6020108312285392
2023,2022_1350_1461,0.42266411132911974
2024,2022_1350_1463,0.602578516949934
2025,2022_1353_1355,0.38598979749291623
2026,2022_1353_1361,0.3033455147057105
2027,2022_1353_1362,0.343880074373539
2028,2022_1353_1371,0.35449582456671624
2029,2022_1353_1388,0.30935277137304895
2030,2022_1353_1389,0.654030850865506
2031,2022_1353_1394,0.8853600321396891
2032,2022_1353_1395,0.3394282047810832
2033,2022_1353_1397,0.18061870518059098
2034,2022_1353_1400,0.23853119110268595
2035,2022_1353_1403,0.1918212966655699
2036,2022_1353_1411,0.7857999273393493
2037,2022_1353_1412,0.37686651029149765
2038,2022_1353_1417,0.13321304097564393
2039,2022_1353_1425,0.33289956562773465
2040,2022_1353_1436,0.3640240165861687
2041,2022_1353_1437,0.14779463523627723
2042,2022_1353_1439,0.23763441584305622
2043,2022_1353_1458,0.28702683455018513
2044,2022_1353_1460,0.6339942116401388
2045,2022_1353_1461,0.4560372199980689
2046,2022_1353_1463,0.6345439711488118
2047,2022_1355_1361,0.27993232034651067
2048,2022_1355_1362,0.31876984676176334
2049,2022_1355_1371,0.32899912386212654
2050,2022_1355_1388,0.28566604292840475
2051,2022_1355_1389,0.6279482199500471
2052,2022_1355_1394,0.8733398916872877
2053,2022_1355_1395,0.3144872402571063
2054,2022_1355_1397,0.1644420368349504
2055,2022_1355_1400,0.2185511910541479
2056,2022_1355_1403,0.17485540633061877
2057,2022_1355_1411,0.7660986449193081
2058,2022_1355_1412,0.3506348173586287
2059,2022_1355_1417,0.1206569383063112
2060,2022_1355_1425,0.30821448987937383
2061,2022_1355_1436,0.3382010653241634
2062,2022_1355_1437,0.13407672817908614
2063,2022_1355_1439,0.2177080559053144
2064,2022_1355_1458,0.26439515113743656
2065,2022_1355_1460,0.6073079871305834
2066,2022_1355_1461,0.4280805844867752
2067,2022_1355_1463,0.6078730386187059
2068,2022_1361_1362,0.4031843529348763
2069,2022_1361_1371,0.41447435988676323
2070,2022_1361_1388,0.3660243610926982
2071,2022_1361_1389,0.7090224694674535
2072,2022_1361_1394,0.9087140953276275
2073,2022_1361_1395,0.3984309508900606
2074,2022_1361_1397,0.22126235566387503
2075,2022_1361_1400,0.287631973214064
2076,2022_1361_1403,0.23426508005416988
2077,2022_1361_1411,0.8254371058278277
2078,2022_1361_1412,0.43806140880064554
2079,2022_1361_1417,0.16534181923044827
2080,2022_1361_1425,0.39143993918668546
2081,2022_1361_1436,0.4245543622225655
2082,2022_1361_1437,0.18269898273804513
2083,2022_1361_1439,0.2866200834602521
2084,2022_1361_1458,0.3416315706796596
2085,2022_1361_1460,0.6906643288417204
2086,2022_1361_1461,0.5193727609473955
2087,2022_1361_1463,0.6911704310447072
2088,2022_1362_1371,0.37031508114106126
2089,2022_1362_1388,0.32416920373264796
2090,2022_1362_1389,0.6693561964524141
2091,2022_1362_1394,0.8921283227533411
2092,2022_1362_1395,0.35494480107203663
2093,2022_1362_1397,0.19097433876958173
2094,2022_1362_1400,0.2511893012791747
2095,2022_1362_1403,0.20266036192042858
2096,2022_1362_1411,0.7970991238192615
2097,2022_1362_1412,0.3930761515349787
2098,2022_1362_1417,0.14131947790235086
2099,2022_1362_1425,0.3482750646489682
2100,2022_1362_1436,0.3800181482941155
2101,2022_1362_1437,0.15662806718259514
2102,2022_1362_1439,0.2502605773312106
2103,2022_1362_1458,0.3012403650108981
2104,2022_1362_1460,0.6497317818174356
2105,2022_1362_1461,0.47306693556171503
2106,2022_1362_1463,0.6502709424257603
2107,2022_1371_1388,0.31401982027691805
2108,2022_1371_1389,0.6589366533276175
2109,2022_1371_1394,0.8875495964425772
2110,2022_1371_1395,0.3443227776335584
2111,2022_1371_1397,0.183860636592784
2112,2022_1371_1400,0.24250495214523582
2113,2022_1371_1403,0.19521639778842875
2114,2022_1371_1411,0.7894388020280243
2115,2022_1371_1412,0.3819887593753938
2116,2022_1371_1417,0.13574505082450808
2117,2022_1371_1425,0.3377481303194297
2118,2022_1371_1436,0.369075099276427
2119,2022_1371_1437,0.1505556604309878
2120,2022_1371_1439,0.24159797727664295
2121,2022_1371_1458,0.29149922390126864
2122,2022_1371_1460,0.6390273213601355
2123,2022_1371_1461,0.4614386930132261
2124,2022_1371_1463,0.6395738187389548
2125,2022_1388_1389,0.7031557767753074
2126,2022_1388_1394,0.9063417492381757
2127,2022_1388_1395,0.3916748900688496
2128,2022_1388_1397,0.2164296508943619
2129,2022_1388_1400,0.28187436204791105
2130,2022_1388_1403,0.22923197510867774
2131,2022_1388_1411,0.8213260830262669
2132,2022_1388_1412,0.43111493718197313
2133,2022_1388_1417,0.16147723918737883
2134,2022_1388_1425,0.3847266089972589
2135,2022_1388_1436,0.4176628819090583
2136,2022_1388_1437,0.1785154781104778
2137,2022_1388_1439,0.2808747412609458
2138,2022_1388_1458,0.3353018108371483
2139,2022_1388_1460,0.6845921541398673
2140,2022_1388_1461,0.5123124211552724
2141,2022_1388_1463,0.6851036614615804
2142,2022_1389_1394,0.6963151996843636
2143,2022_1389_1395,0.13236255721785958
2144,2022_1389_1397,0.061424928146561274
2145,2022_1389_1400,0.08508854297476821
2146,2022_1389_1403,0.06582864690397729
2147,2022_1389_1411,0.5213385187034135
2148,2022_1389_1412,0.15222501160175297
2149,2022_1389_1417,0.0436371168981365
2150,2022_1389_1425,0.12903866033983244
2151,2022_1389_1436,0.14525321688998835
2152,2022_1389_1437,0.048967585284015194
2153,2022_1389_1439,0.0847044754514177
2154,2022_1389_1458,0.10676172975027745
2155,2022_1389_1460,0.33961842799190806
2156,2022_1389_1461,0.19929727995472818
2157,2022_1389_1463,0.3401501549663625
2158,2022_1394_1395,0.03599827405501857
2159,2022_1394_1397,0.015767053615682466
2160,2022_1394_1400,0.022258358697114015
2161,2022_1394_1403,0.016956573265708333
2162,2022_1394_1411,0.21048789706900192
2163,2022_1394_1412,0.04210190341455078
2164,2022_1394_1417,0.011045531981191242
2165,2022_1394_1425,0.03499667477567852
2166,2022_1394_1436,0.03993608032631049
2167,2022_1394_1437,0.012446606473644454
2168,2022_1394_1439,0.022151024013321776
2169,2022_1394_1458,0.028425072601606063
2170,2022_1394_1460,0.11180966557122395
2171,2022_1394_1461,0.057427740056577185
2172,2022_1394_1463,0.11204523694563605
2173,2022_1395_1397,0.19405110005217696
2174,2022_1395_1400,0.25493048651096345
2175,2022_1395_1403,0.20587748446086143
2176,2022_1395_1411,0.8002814307014732
2177,2022_1395_1412,0.3978079149105313
2178,2022_1395_1417,0.14373838828294108
2179,2022_1395_1425,0.3527809996210739
2180,2022_1395_1436,0.3846923551537655
2181,2022_1395_1437,0.1592604095122712
2182,2022_1395_1439,0.2539926220991825
2183,2022_1395_1458,0.30542295095793387
2184,2022_1395_1460,0.6542227686680067
2185,2022_1395_1461,0.47800323713732507
2186,2022_1395_1463,0.6547586896210533
2187,2022_1397_1400,0.4436976323677546
2188,2022_1397_1403,0.3766859822748017
2189,2022_1397_1411,0.9032939617557089
2190,2022_1397_1412,0.6062821066350595
2191,2022_1397_1417,0.2812513242823991
2192,2022_1397_1425,0.5595856738040157
2193,2022_1397_1436,0.593062341715446
2194,2022_1397_1437,0.3063108853041443
2195,2022_1397_1439,0.44247773164445353
2196,2022_1397_1458,0.5061777872181589
2197,2022_1397_1460,0.8151716509761174
2198,2022_1397_1461,0.6809789010961551
2199,2022_1397_1463,0.815528455849216
2200,2022_1400_1403,0.29837442597732
2201,2022_1400_1411,0.8679507479344197
2202,2022_1400_1412,0.5200638590456795
2203,2022_1400_1417,0.21590777691466323
2204,2022_1400_1425,0.47204630605619563
2205,2022_1400_1436,0.5063064963659215
2206,2022_1400_1437,0.23706552913132167
2207,2022_1400_1439,0.3583519119409082
2208,2022_1400_1458,0.41904383032521236
2209,2022_1400_1460,0.7563108359382452
2210,2022_1400_1461,0.6003351789818432
2211,2022_1400_1463,0.7567473620303928
2212,2022_1403_1411,0.8966393950799414
2213,2022_1403_1412,0.5885001278849299
2214,2022_1403_1417,0.2665484709255231
2215,2022_1403_1425,0.5412903502188959
2216,2022_1403_1436,0.5751017378515951
2217,2022_1403_1437,0.29082808216988265
2218,2022_1403_1439,0.42432230525495396
2219,2022_1403_1458,0.4876950068400692
2220,2022_1403_1460,0.8037704916438789
2221,2022_1403_1461,0.6647048151890956
2222,2022_1403_1463,0.8041440179775079
2223,2022_1411_1412,0.08469178156844226
2224,2022_1411_1417,0.022972518331792816
2225,2022_1411_1425,0.07093120409312506
2226,2022_1411_1436,0.08051919808681535
2227,2022_1411_1437,0.025846935586095812
2228,2022_1411_1439,0.04551780796573675
2229,2022_1411_1458,0.058017574755722216
2230,2022_1411_1460,0.20949337990421865
2231,2022_1411_1461,0.11368116990960647
2232,2022_1411_1463,0.20988612639870405
2233,2022_1412_1417,0.12482023900693036
2234,2022_1412_1425,0.3165200144355586
2235,2022_1412_1436,0.34690942979765627
2236,2022_1412_1437,0.13863008114881337
2237,2022_1412_1439,0.22436568698778073
2238,2022_1412_1458,0.2719841162084751
2239,2022_1412_1460,0.6164907433853644
2240,2022_1412_1461,0.43757306802642887
2241,2022_1412_1463,0.6170509134855678
2242,2022_1417_1425,0.6456935844847328
2243,2022_1417_1436,0.6764099214906717
2244,2022_1417_1437,0.3877592072560029
2245,2022_1417_1439,0.5323472405244339
2246,2022_1417_1458,0.5951735636519496
2247,2022_1417_1460,0.8634981269161117
2248,2022_1417_1461,0.7537950730654649
2249,2022_1417_1463,0.8637772292290744
2250,2022_1425_1436,0.3916404113705471
2251,2022_1425_1437,0.16321690011703804
2252,2022_1425_1439,0.25957592313479544
2253,2022_1425_1458,0.31166448376721617
2254,2022_1425_1460,0.660810821198214
2255,2022_1425_1461,0.48530736225801024
2256,2022_1425_1463,0.6613418169497765
2257,2022_1436_1437,0.1453380353056539
2258,2022_1436_1439,0.23409472127379552
2259,2022_1436_1458,0.28302454802903637
2260,2022_1436_1460,0.6294249837657773
2261,2022_1436_1461,0.4511695641471679
2262,2022_1436_1463,0.6299776008641713
2263,2022_1437_1439,0.5021825337310698
2264,2022_1437_1458,0.5657556564568597
2265,2022_1437_1460,0.8486194068291534
2266,2022_1437_1461,0.7306881144773998
2267,2022_1437_1463,0.8489236087050747
2268,2022_1439_1458,0.42024782343084865
2269,2022_1439_1460,0.7572208202893778
2270,2022_1439_1461,0.6015207339192906
2271,2022_1439_1463,0.7576562386286424
2272,2022_1458_1460,0.7071698020052617
2273,2022_1458_1461,0.5389163353469405
2274,2022_1458_1463,0.70766032998595
2275,2022_1460_1461,0.2136138648008707
2276,2022_1460_1463,0.36003530629316055
2277,2022_1461_1463,0.5375507028722608
